Id,Predicted
49I3SOKLI2CMNGP4,2809.866389219052
727IRIR59A3P88LK,3132.848317065369
LN95SD15SRPCEE8F,327.9898951646457
TB11I7F0PN033D4T,5138.042429070568
32PSGCK5PATHMR07,271.65367861174803
KCGC12BK5PGHP4SO,952.8297884774306
SE7SP9PNCS9H4RKL,8.947659501733442
AI23CE9L10CFLK8N,8920.20129964443
MC4LR1DKGGEL4C4C,107.83035963134186
FEM7P31GRFL5E329,9919.82004357301
LEDTR17G0F05QNKK,1637.4114592225328
OK8H6QICAPHP7797,319.3192747656945
5JB8EP6MFBOHDKTN,490.004205330736
EPF30Q5AAPONR3R9,322.0816353242849
EMJLEN304HMM5K4J,70.87952629680868
AG9O7BTSE742NCB3,64.14505640849045
I0NPS190JO9CF869,5122.0382357083145
LDM8GL4O8474HDKB,4590.6631718877015
7H44IQ6G2ACIC4LD,667.8900771334147
M4GKAHO2QGLSOH84,57.23549932800014
R5IQF8R2QMKTIH67,63.108137382400436
GTREJSI43M3EKO1L,7688.428150594103
8AE6D5579O3G46B9,415.39742029980573
2EPSDJTDBSRC14BJ,418.1394638094711
61ORCAKB56PN773C,542.888681161964
N5F8A570IM7JM8BP,565.7359350092013
3APD0Q64QKLRI729,213.59677792857806
CJACBTFIFGC5H99J,982.5562744155598
EI2KQ9EN4G1FAAJE,12120.370713716986
M4EKTPPJ3I0KGI3O,2382.4798538114264
INBBJACC1AE1HTNQ,6374.4806418960925
4D9H4JO50R43O723,6139.107038283762
QS9G5KJL4ASSPQSQ,438.54832558855696
JAEG665AOMT7JSAT,11972.954214482568
43B9S26F06HMRKEL,7617.948174814834
7PKA60OKDJO7HBKD,821.9431287348576
64PMFJT865CMEM17,204.56058267741722
0DRTFRTEK3RS76EM,3404.854962870632
1B04PDI92CFNDCDP,2974.882285572608
LQIGEBP83S7ISG88,4987.359771115896
KHNG9HDL10RQD3HS,829.346125856712
GGCJ4C2KP8GC7HA8,4430.949226469098
P5PSF21O8TCERK4K,3205.207066784951
930DG83R8P3M7KF6,268.0784433243545
TIMHM4HTH87KOS06,225.07371710559144
IMNKHNLIA82MCDEK,100.9281625628073
E69KP6D2EJT9EHIK,860.7585196198772
C43Q1L67GEBM09SQ,1665.8022957361918
825F0GJG7SLIQK1J,411.859870199017
DLRBO0TLOSO4C96C,5508.788959719261
3QM33RDP21AO6K2L,407.3249813253493
IBPOCKOTGBP7B97O,254.86145832410688
GAEALFSAEMTF5L2P,723.8348265510693
PBKP6NA27EH0R5CF,3108.9688494056163
MRSLRDQSFBGB607T,10500.270588183133
C05SSKFD3IQLICI9,469.0825090962404
S0DJACEKJA74NERC,1312.7772655535862
1HO2G4SM3D3CP3GO,2577.3018268879982
Q48FH6G2RQ5ODA74,75.68827065071638
FQNTHOF88HGCICBL,5616.1297503354035
ENHMQIMCEJDK8E99,2854.282649241921
33F8GFBN5MS70TPF,241.98233917879833
2SCA455JFIEI2LOH,5028.441057313365
7EH3K8GGCER895TN,300.24242329667845
9A9BB7CD6R1H04GC,469.2866889251542
41HJ2GBLKQO94937,4365.7078726520085
TCOGG9O1Q51NE5P9,128.2837319811739
K9THEQF9QCOETNHO,7858.071851754111
G9H4DQC7H4OS396S,1421.2186870390117
MOHH854I0PI8QHGF,24175.78436444142
T9QMPT2T2Q9BP3HD,136.44884847588642
QC6JT108H6K41QRM,2280.803427023785
JHT4NG9GNGEQ7CND,297.9235327552759
365NQQQD4QT5CBP9,382.77111007635347
D6A98MDL5DJMLGQH,500.03548017190894
K1K6H0RTKDI5O1DL,1031.1521944949325
RA7FN41CNRITBAL9,77.41089138026297
9GCHS8O0BIT3GP2B,881.1746226778938
H0S71P5FM67BR04B,1265.0570783011224
T0LQDNK1564Q7PHM,14551.179037419632
T0ETACLNJ7F61E90,3393.8431716979717
CMJLKGK0IR2Q43A4,4487.513833429681
5J2BNMN46654PP4F,367.6282297127262
EATI6B8S4MEO3R3R,1870.521689552866
PGK68GITHTSMDECB,2101.786763901688
L2NG3T13EM3FPB6L,10062.82883638203
DCGNCC29APJACRSP,1589.027576676699
KI3LJPJFAQHH4EDH,9217.961018705688
56NRNAOA3DOBA7EG,222.20975956368494
TAO36NAKCR72NJBF,5214.5634397182575
7MF17ODN3A5C01NK,5490.110687163295
OHKAQNIBIQ9M62SQ,1345.533658570575
347M3O8CAKHLTN3L,3698.6499425079173
05MORCA71FBJ9PQF,5394.162128499016
KJN4MR2HKM25IJEB,3317.9012746237418
P5C1RTL8912ON0LH,7681.898500857737
KQK1PMJ6ETA7S9GT,1846.247455607113
5QMS5TLL0SMLM4MF,801.2031519403997
TJ4QRE6RBKEGHNLG,3051.266778971356
95C19TDNFH61Q2NS,3261.441881124619
AS90TO12ED8RJMO5,2718.4813555213345
G5QF1BL4MBJN67JM,5609.472341636341
63OCNE6J4408TNT7,9290.880277214854
I23M97LENI66OA20,940.6823640073496
G38TE3S3ME4692SD,6821.670472641503
QJAG4S061M83QKPN,7991.0166500617925
0MMEA9KEC0PMSO1S,1208.750005494993
S9R0HSEPKP8LQ91O,9736.792411881375
68LD1S0005NA6P3E,2336.585692319746
R5G15228PLAEMFGG,1027.0369206322443
4JBGAOSB7SPCK2SG,286.53004824569166
SEFJNL7EHOTA661N,117.08407565562855
G1IIO39P6SQIGQTR,293.3883722555152
ISTA61N4N6CTFG66,860.7578658559759
J9N3ID5K8C0JGO2O,3152.468834969671
TMPMMQI9HE6JC342,213.81814550707782
2ICSM0745C80QMG3,4981.147588547342
OJI6TG43RL546IMB,157.6691612475422
PLHO032NDHB2L531,463.79235037221235
GQ1T8MA5P3NK38TH,560.6576821750406
QBBGMKLRC8ASCLAF,4437.333443665625
O6KKQLFFEJQ8DGPJ,54.70435530467132
I2LRLD8069GBH9SB,2801.5981364105864
RRM80B9BPH8NC722,5292.190612431034
5N8DSOART14L161L,59.28516311992289
ITFHEM51SR32DQ3I,15.721356433570639
JD3RKBCENFQ0MSEP,841.8604459466762
QFSL4REPTH6AE564,1749.3371404887328
RA88ODKKMNQF5LKJ,11.780405073932748
9777N6EFTB991ICM,1311.5212088068479
NF4TSQ4SIM4LJBLQ,677.8334348552398
SJ4SQFPSIRAKA1QJ,1502.481341806957
3SEHNBEB2SI5CA4G,10202.824878675112
EBT7KR2A8LB4J3JI,3450.4839152629115
4EB20OHH7MP5JH7A,105.82408861227256
FMDRJPENN4B9HHDK,919.9990646917402
88J7DCNI26MI5C5P,3610.6068067437977
E5L9GA2TF4FEFSM3,6.994755457852524
83NC9DSQC7EO8GRM,4696.086407018235
4TFQN8DMM5AGP62J,1445.1233417951637
T3QECJR2BGKDPJGF,5695.912475894467
MMNDF64O95TTMF71,327.7994555000628
6Q4PKM7H1H2B0HFH,284.19313111094846
GI24NE5M8CCQQDIM,106.69211857168273
G0IH2ESD6866G6F4,150.27432480199337
H5RDASJI74EHJL6D,96.32270425691004
50TLBIAD9T10OJ1Q,3292.209578973505
51GGDTSE2O887MKB,18.116166700266035
7J0P5JGA1HQ8QF4S,3769.885695524108
O7J5EQFRD7BTN2NF,11572.579783767525
E97CQ8RNK4Q8NMTG,4412.425143093691
6F2RNNTLR2O5KI2A,2564.2433950235
CQB5T10AM53RM1DH,5545.72487418039
EF3QI1Q2BINFI6B2,126.40026972404576
EHE7GFPB24OHL8G5,303.08864710398814
HAL4E55FQJ7JEMBT,1318.8149302650766
LCT7NRBEH130B5P7,263.734337174287
E28C8BPNKJPQ922Q,90.45247506166636
KD0NG4J4TJODQ0F7,233.98562273474943
S56S32JT1D9H3ILF,7284.66052000755
QOS42780FHAQ6OOI,584.9852620671481
MQ4SHLME6CIBQIRI,4648.756881140787
NN1MQG6DNK4G14D7,934.8599199735602
HK52LGH6FILRQ6L8,26.144068137267595
5N12T4PN7FBJ7T86,327.0167655544212
P89HPE8CCSIH8RRP,32.57840212046625
8IP74KRJFFJI00CG,4429.577427096282
94BSKMT2BJJLDTKL,6067.02789473843
LB4LL2ATES1MLQOP,3829.955881875501
2H3MB37M4R5K1D3K,85.88366627818478
3IATJMBTGMNEIDII,296.6864911416116
0EG14I7C0A6IKNAO,310.62985588583797
P8M06452R091A6TL,212.55780956363415
7T0QGGJO4FGCR5AO,223.96877081743614
ACP9ACDGAMGTDN5F,3522.4977629822974
TK7QGMB5GAEC1S2B,10872.989254663311
4M50KAGE6E31D3EN,1471.1003815516367
AP3RGBIE090QL5OH,2684.809156954771
LFDNOOGNKD1O0L9Q,634.944258005489
SOJDSLJKAJ7NE5JM,1474.0989937334675
E4150421O62470K3,1665.2918851777476
RDK9H56QLDCK34P9,284.4450101685328
6MO2RDKME9MLAFJD,6685.718160824829
RQH34FT4O2NCLM7P,1402.6246641976934
99LIEKM4N3JO33A2,652.3797138810407
P3LNR5A9KG047TF2,6878.077620431631
1QSDATERNG22OBGL,1827.8624315683064
GG0E85C0D1IT1KPH,1868.7392867575306
TBR88FTN6ID9AJCH,2903.24644002297
0JPC51M9GC6EMD4B,2348.0886850288994
RKGO0LCPECT8303L,4618.093008952494
RB8MS4TGGG8LM23M,159.5168630239121
31AONLKFPQ8RHJ2P,1033.5511558248404
IFA60AQQBB2LGK29,5107.480812379838
BGLN7K7BEJR9JB1R,5062.27677196766
T6ON5MI4OBN4K1HA,430.75454122421434
AE04SN5QI47FKG78,3994.4677950507817
FBNOKRI4BF61SPN1,4918.714363066874
6A4JM9ETD6J48LKL,5793.776357892195
BTH8FEJ9EE4I4E74,235.6098271513722
7C798784PCJ4BTG5,187.76869875683443
1KKO6B5BQNB8B01B,55.09076970589255
LHPK26G5O8SE12F4,593.4201368737199
KI032M8G9P75R9DI,11584.429738996185
O63DDITPLL0RGT5F,27.669910318392873
OMJELLTQPAI5N2SE,846.9430105554889
QKJIS0PBR2J5EMG0,567.9982962033197
QLSG334JFTK0NSTE,25.389629148658386
10B5PE4PGI906RS4,4979.300385329077
PS3OP5EOPTKNGS8K,342.4075837868933
D8MR1JN66RN8OEIK,4375.149180414159
8EH3QACP58QMFHK1,5965.40202385714
64147N7ICR6IKDII,1569.757820364583
HSOHLFSKCKMBS0A9,1075.7096031683502
5IPN36DB32P5QNAP,1234.4457254806518
O0G8M9ESCHL40ACH,435.30029602982825
SMTTB17NFMC59FKO,2408.404455216261
NF16LP03L5AI0L0F,889.8385256914871
I00NEA79PFD2L6QS,1028.9170170958466
KI0GTMQP2MPQ1279,6302.659635499969
K9I7BABMI2RO5KLJ,1057.5078652348975
QE58A39OG4AG1510,159.11742695943497
3CH1JOR4KT7NBRL3,4602.897481043792
73IPGI3RSCS754F4,5198.80633228334
D0CDQM0KRGK5E45H,847.3014265648612
4QNSN9KBNB91P2NK,325.4245325497728
22CQB2EK12JKABCD,3688.8965291890127
SS201B661L1MC7E3,6341.999484746225
B3PPD550GNFPGGIO,1443.9377268449798
HCA9IJS2T3PQ1KSH,6.494090179510606
B7CHDR1RH01CKH3R,4997.270161617567
TG4QFGAENHJEGK5L,8098.455499608841
AABEPN5QBICNP23C,900.3964734078162
KRN6NC2M2T347G9L,2473.027684254626
9PTNIDFT2R3ITKCE,920.3187155769734
CKI69B17ACLII63Q,2023.5126966879377
34DEPQHCJAC01I61,117.62458244365897
C45Q1TTRBDA39FH5,773.7612697992586
8B7F9I5EJI4SC847,94.92422425033989
JE3P27D7BSH6A0J5,216.35746654440305
3FE510I98M79ITT5,1053.22270201818
3N0I7QE5JGII6G38,675.3510398528053
3BT0RJKNK7R5MLDI,58.066135954010726
490LPKT84KFCJHHQ,10538.60514788247
6B8CP1OFFLJ61K61,2879.9562616818416
PG8HJDH5ALNAFCRB,2637.7180163471858
LQHLP8K6IH6R1GSG,887.5987336260339
A8NTS5JFPK22ATER,5119.857159739225
99DIKCD7S9IK75S0,3693.741433657272
PP2LSC2D7EP1SRMK,18.44825117213925
EHAFDRO7IS6L63BF,81.72286418290895
B8OLPJPN6IKFSPII,827.0633980182992
MP3AJ9I83H8JT5F4,1937.7966532666846
9K1BBFDA60JILKCJ,358.48208262743526
6B9GSC1JITA32JI9,3824.5863177417987
J52KJ9MNS0JLGPKH,108.46456719391686
3EQHEJ61DJEGO48R,8.30476098471905
REM5SOTGAQDR5Q2T,368.0598785531947
83GSI1QD2DBSL1HS,3419.8717617407337
56BJ5OPR5R76MCRC,4879.9611356831865
ATFPLSH1QL3I9GJG,6989.731444304869
DO9138GKFMA0AB72,3598.575864222086
Q0ERHF31GO2AMC6O,415.6524082082246
E3OCM97DCR7P2NIB,4579.383505152967
EFGPLSBL8O11A612,152.81491371858195
D7PHAIT33K9J3N30,1782.632664757471
M8M9NLDMG3JADD9N,341.0693510704231
2I98G72F30EHF955,9377.594794507213
192R3LF678TKOL3H,8252.752056660134
731KHKAE3B1MCCCN,1370.674060360046
BEIAANTKG3P0F09P,3648.4374958215612
8OBRKKABCAQA7ARI,3963.52328065078
B768L1GSERMSGT7F,3161.053520693019
MJ5MCTIHI3HF576J,2501.8547964598934
AT58PMND4M4PKN5A,212.31557328387828
EASNTSPBA3GGH98N,1457.6526677977622
HN3GNJ7TFLGAPLBO,1833.118337218331
HPANSA83152FBPAE,6.28361607723425
P3GD6IASD3QGTO7P,5296.808829294298
LIAND8MEILADOC9G,1005.8338007390673
OSACHGE51N68CM3C,229.2476022115545
OML9A6TRD1QGDFTI,3501.373380630354
5QDTG19A0G8MEGLN,1431.4258722678176
LHE97OSD2SMNASM7,282.40128686613303
ATT5MSQ688ANJL4Q,1497.9093159223066
CDQFMBPPJ679D9A4,2130.690674832087
GBQLSHE0346P148L,105.94849164616338
63BMEHFTH8D4ASSI,107.52856279224821
BS352JGGHMF69R7O,5.1758487117938845
BFBPT41R4Q7OSD8H,334.98353715205064
BCGS8JK065MQOT14,225.46988914998985
RHKN6FL2DAD1H2QN,106.84505765207754
4HSEF5JP975SD96H,3882.386204147136
P6DI5093QM1MB7QT,3135.493126236786
DS0560TQ1Q7HHR35,408.8759747460193
A5G2RF127D9DFCFL,4538.967413228536
OQ46C4ATC943DR7J,3.4948694395591007
8KKL5ST1KQ2D11RP,2219.1636064345976
53MROBAIAD9MMMJA,2758.2727702637676
FQA1ANHTG28GPOC5,295.66849367163445
2EOHA28CTHMPABQ5,3950.863027268937
Q1R5JQQDBFI95AJ8,265.9725482923362
TM1EGHJJD6NDLJBE,27.04194556501296
OEIIMQG4E5MTJ5EQ,5217.298550231603
1HG3PQ2G26PK47TR,552.9432409847049
CJ4BLE7ONIHRL99R,236.52267753016943
J729HGTRG9BPCFAO,599.5817019444746
LO4722CRITH7H04H,2367.691608499493
F9FQERP29MLPB0OQ,11587.782391130746
SA8H620S06AMSPDN,3469.5362936404495
NRSH90N48JA29NED,173.56322894600157
A977KF703ADIS6AR,1174.9407400150944
L4CFM7NPB655E7M6,193.1992349636985
BTDMHHR1FG9QOFIP,1385.3846216177244
4CN39SSK1KE9M8T7,10405.1747018665
BNC18B0L3FHCKSLO,7557.863180758357
B7SB1NM9Q91BKF4Q,616.2530123836689
I3EITMGJI7PLQ7TG,243.3313847209306
5B4CG9QOM9C25J2B,725.8699312962264
1JP6N14GC1TI0G0A,5738.630769989531
HJLQ1EHFJIIIHMCJ,3599.5367921374964
BQPJKNJ7T3998NEE,579.6014253094313
RB1T5EBBSEKR83KO,3163.6714523461987
K4LQGJMC1151CHOC,417.69771465896827
SNTEG3GPFGDJA945,264.0520205913452
MCR16TCCG9H75TCI,1239.9772731404787
LEDKJ0GISIJ8H97J,745.0422933999635
EJTQKGNMN5DJF7EL,719.0264189178513
RAAA3OJGF64R2JI9,3725.9071230736904
3CPBJC359MDCQ0BM,414.75470586447113
9DJ09IAOJ1QFOO63,69.49198037865048
MG3PEBPCDAR0AES9,3033.283456222255
L4IG91Q41DM7G94B,13737.709025930348
T5T29JK0OGJN1I5A,5130.13090497251
0HML5I3HP6CRRFRQ,258.6209074703171
G4ATJRD1MAMSBTMA,82.59616363309854
1I7LG5NIAEO8SNBI,1531.3502079317927
EQ9HT7D6C60F1PRI,4185.415458133001
49EI89BR02EOLED0,1713.161490222058
6NT4IOJI9L6JK1TG,3878.4621577388084
65K1D4A4FHQQSM9T,5584.804291514097
RJ6HKDO5A6R7ARSD,5607.845081460692
57BGEQBE40D3HR3I,1286.2019590778636
Q3DP2S15CAD6PIJD,10629.178001887078
EQNPK2J9FN85BPMS,4234.908116287776
H4C6D17OH5BTO5S2,3150.5783903576503
1SD07JN9BKQ27640,331.96078271183427
FNOJI0F2KPQS8532,4.889552320106534
BHKC084AF862D34G,3021.2297350409667
JE8NJFKROFO1TOFR,121.665244817007
1LC71I495MCMK2PA,197.49079403125324
TG71JHM3BCS3BBGD,122.99577016665472
QB7DG7NM1TER4AMO,1182.32439993762
24PBJJGDPTL796GS,6848.445069643902
R8088OEFOHDATAL6,1882.6457139138654
2KRAMA1RO7K0NOF9,1961.4661230407755
498NNHEQ3MMBFG47,4.755358531292103
166GCGLJR19GGS2F,1526.306715504118
O3LG1DSNH83S309O,2577.4341028656972
CMM19RTA4FRMLGNL,460.3136174681905
PB7OL4SHP1FC61LI,276.6870337372559
7PK2M7Q4ASC6AOQ7,10971.190182682787
O6A4QESHAKS5QKSI,714.9111428909165
12529ECPORPHJ96N,2935.1739471193955
KDO5F9CTHS886ILH,5899.158114827608
8ORBO5LPM73THQ56,45.384764543225565
I98BO9L4KN6BJ463,619.0448722565257
2C4BQ1LJ1FQR19LG,663.8732481564191
T43CNJN9BS6CGD8N,546.1526835959752
86N07CKE8L6PAHRE,6747.605693861691
SPFFQJ3J3I58624L,7413.107630350606
3J2Q8C0C1141S5Q6,256.9709965569987
Q7ML9CG1LBIE6N6C,4152.399394118359
KSE6HGQS68GPAS90,5150.339663048349
CAONDL0S3PFTPL56,1276.701521131712
JO9KECKO5M4QACO0,135.46640217935584
C5DPRBF6D96QED32,1611.1981696816035
2LJGQ7LQC4DHPQN0,4026.4651305294724
S07OQNNB650NJCS0,943.3202145642647
EC755IOR7KJRF8JD,48.284406016200066
H4FHA8LT5PASKI4S,1018.860445176334
1JR37HIC6L6FIT6S,265.34923331503904
LG8LA3CGR6T6RRM5,4022.03089083213
18F3NF798BOI0N4T,2997.325397097585
1R7QFGS8IEG7IFCC,533.1958903106754
HH742FBO6SD644QM,9788.4906993943
22NJ35P198NDN6FL,575.5002353172312
3TAKALPRKOTCOT5I,4419.986128585423
H5DKT6A3PMLJ5KDE,6184.4151243828155
5JT0702CI1SPP4K2,2613.2848889523557
1J5Q4OBC48AAIRSA,3143.3586297225684
7C46OJB579118OOE,3509.7670245190297
DPA7NM9DQ8QJS0DF,1547.0150117238295
LK4AC0SK9G52TE06,571.018734492038
2S8LF2IL0GLTOQ2T,414.5795801194726
N0KPM80G1572J1EG,322.81187816686344
TO76T957N6PGB061,7855.656262978956
SHGG5O657ARCBBS0,524.8446624273714
JP1KHDHKERA21I41,3938.1634350063946
S8A0ETBLKTF1B8G3,280.2161603341708
8I02N0A89NFPOSF4,7270.986123411387
Q15SO84EBBC382L5,8818.482343458867
C9O0JNMDJNOF5L6T,1171.081104022688
130F4STRB4KD7OMD,223.25849646856665
BKJ5O2I2AC26G96B,56.159765277257044
1H0BT5MTIADALJD9,2787.2175891034058
7I3I33F9SL9AE2H7,330.46790801655925
IOL5C8HHQG387LDS,735.1818869837525
R6E19JSGR9J63JQG,6732.557852251937
SB72NJT3JIT760SG,1186.4271701484354
TKABGHJA2QOMJF89,2424.033739681408
I2TQD33I46T1F56G,2055.7547932617135
8FOQ0KE29AE1N0S1,2523.2779090065337
5AFLR2FCOA0N82MG,2806.6936396459896
EN0PPTST6KAQT91R,3033.128040064151
88HIM46E5I360MRQ,15.258470208786818
2OJLA27NIHK0CCNT,715.1535322880381
O2T8L01O658KP4QH,777.9909603449089
431E4R5Q8KB7IAKI,2766.223925497156
S53PKG821JT9QC11,1734.4518463471309
D3JNE3F49PPMCRJP,1.281976092310029
24LF00A10HO8H72I,2600.4191015821384
QB7O1IH2CPASF5D3,2872.2168368475045
M5HJ560J5K356ATO,2532.7807774550424
TNG4650J7NTIA15E,2206.612808194021
P424P405QQ899L70,1378.0035305965016
M96RTATAFM82LF30,2193.865510355472
J4AL4KC1LI2DJ34I,454.24470310702543
27SIMRCCH04HIDIK,3315.354231492077
S0OKSSPCGQPBLKJF,14722.463542111707
K6EF1BM6N7BQ27NR,6573.7263065382995
A2QOT07GN2NFNI1T,5367.3930614783385
D75OMB6LSE08OTSB,83.37454653600844
1LPI8MC08PDFH2M3,117.9476204210133
NHPQLLFNC9A8MJ10,1805.3291027930363
A6LBS56P5901KSMC,353.8219956019494
ON1S7JD8G0BHBQED,1039.30703825902
3TCITHN3CSQELI42,41.19763272326815
MGTLGFLSERBS0NQ7,7867.495930131261
0602O26DGA3NSNN6,90.17983353842635
57685ILSITH07FMI,1465.8474519955375
OKEPFDCLJG1R0IBS,8158.998327874765
38J79AEA61MB7NPE,2978.6843241566116
JLTCLJPSR9KML42J,69.83280167740726
OGTS8JCE30N3Q46J,28943.253514644224
8TRL0M8AG7KT4QPH,1163.5075958520865
FRJ48M9LFEK0PHTJ,79.47699479762814
KBLACG5KMDP7SJGA,17234.74273883728
IA28OI1RSCJQDC6D,3121.058692691218
HP9NQT1KR3TJQ1S2,5607.384983033055
663KTJSIMAF9SHHF,35.24658266170211
M4J6O00ON01B6MGF,4505.336610485806
LCA6MA16QO34F0AG,235.13359505195027
43MG61POI5A3AR9D,11139.909200513826
IBTK2JABSMOLN8N2,396.03383892106893
08I8JIJL7P6ES25S,557.3959862852006
O39P1SFLLBRQ93Q4,606.9710469748712
S3DB84CH0HA6AHCH,151.43695768536057
O2JLBL0ILRQDL762,48.60140286534231
20SBIIPORIGR385J,9099.532008648508
HET3DCHKN49QMFIR,53.586489967265344
72MQ41AKRGELER5S,180.41092125784695
IRFJFALDI0FGK4LD,172.99668017975057
OOR2ETIFFSFBIT0N,7014.884243774708
FO1MB0I9H5ASRAE3,303.12810077770445
HHTCHCSONIHOP3P5,389.6867711823408
JRFM8QCJKIGMJ2F2,96.59605120088601
CTE01KNFN73N1D0E,4636.838977900899
1IL0ETLP4JMSR9Q9,1880.8051183041912
H2CAKHD7TFG34E9T,1276.604659118434
1T9IKQ5R2A8QI2AK,8.795765294557272
IK3SRTF8G21G2LGQ,5009.5448841145235
QLT46KC3KKTNMKM6,19892.878512768737
A7IMEPIE5B7RGDA5,814.8885190742285
AG32112ONNO3CJOL,91.72382217024325
3M02OINEE5SQ04HO,153.95186522236222
JAR0PTOB07MLEC9I,2270.7891506611713
GB9TR6TMLJ51FI5R,97.9408387937934
1ON0EPBPKKRRDPI0,198.31037943827226
5204D1OO1R53HOPP,335.9508226901695
0IHRICRDGSKSM4QG,160.07912772784778
68GJ1METQ6TKFCFQ,3454.7355613336226
3PO6FPK6RK398RFQ,3500.6789403957055
DFS0631F4OM6CBB5,1294.807642464214
II8BMCG2J92CMF0B,1932.679194430254
KALNFK73D7FFFRF3,112.36490520514408
78K1IR3T56TK386G,10559.620998178716
P8H31N224579QPRC,5772.089549778291
BNHRSDHI077CE3HQ,4898.601001197237
IA5TG2T2ELD3BCJ6,9552.720545105447
QJL2T7JJ3CGE5JAL,94.74850570137569
D578I389PJR5BD5I,123.86921553773082
LA5R6MQC4I8NK8PQ,10.469013986310735
BBMMCDOS07QHLH0H,6148.223187012538
Q418H23MHO975STT,953.6740219442415
B2S504BTEB3460D6,4444.034402491354
FB79NJH2NMAIS3R5,1915.2244466538523
1D55T187PNG2EEBG,3968.5440759550506
02EC3C7I6DB6PS85,1356.76133955947
9PBL7EOMEM6KN9TJ,76.01633276634794
SC0IRO1FJ2HBOCJL,5104.189994266387
2488SJHFQ61988AP,889.0223613072926
TM9P8E165PNEL220,9804.549489866256
GG5E614PMHK6I8DJ,3445.6773727638733
MHOF7K7BL70RHBG0,1461.8663808606148
HB91H5PLR7O5P8MG,4446.02733299196
MJTEEHJ019EDRAB7,16.773213912281324
A434G769FOA3R4CH,6770.446537293045
6J46CKKKTQS45JAM,7702.9343323516205
AR4GCBCAKFQ10AMH,2862.2127678617
MPP1LELTRGIQ7645,179.6661727750036
JL0BD0SS0OE2C3OE,893.5341595284092
4PG5B35NTKK1D3I6,1121.180222284337
58P07ABE5MFNMRCR,7078.829223320587
IDD43MI0BAD24495,4432.734702486123
Q62CGEGDOPT62DI3,324.1968107878031
01D40L6DEB1N33TT,10.10013257496941
O0FPSISSSIRO4PKP,67.68014130631406
ECH9RH256KP94NGR,231.88119769909943
ETRDJ2891284D0H7,795.7925426504509
JLJ30EST4IEFEET9,1277.14346175266
ABJFO3BFKPJFDM7L,1963.3105543253043
LTGJNE55S540ATA1,1259.9145288713644
M0RRC3FJDC84EIE9,5551.130639885795
S6G7I44AFCEH7CN0,4699.773047765461
KCPC776EGNH15TCE,7699.039395195607
3C4I35754O5PAOH6,430.1806596756346
ENTDICAQHDCNMTE0,498.0450327199345
70A5KGP00LTJ4N8M,339.811885717714
EC8N03614ML28TM8,51.9868887285196
QD9EPLIDGFAEM0PH,8688.05449302484
S4N2CF6RICHT2SIO,8330.010539443798
TT7SIEG1HRQMME1Q,886.1622235922044
KR4ST3OJFA4TK2N5,318.916281508225
MQDCQCROM89BO5Q3,2648.43692906634
OPAECC8LM3FE7P44,1243.3041571022954
MBC5R0I70KECDA5D,215.55850339083196
33L0K859FA139HT7,10371.97511310063
E3JPKBKEF7IE88Q6,5117.579914264196
STRA23PBOHHI5AA4,6163.438793491072
B5PF45OS486RR55D,2665.9174181634235
91RITMEL4SEFMHBD,5385.812813339461
T0IOPDJH9F9FD90L,588.4606779729091
A38L0LM6OGJ0S43J,1670.172365107568
PS0T4BS13ST79ASQ,2028.501798421989
M8OETO4C100AF64M,2274.157381482376
KBQ8972HK54H2C39,2201.859209889847
NJQ1A0N80JRQS12M,38.848136151823
O99I57N7A0P01RP0,1384.5912090065706
6ONMN7FPG5AA0DOB,1857.851659293601
L49H0DTC2L33GM4O,963.4859891334669
TP8JMP7QK3AQ14RI,1990.6541277068181
EO3M85QIOKGRE3BD,5073.77618433586
6H9JGM0BQDR69E17,86.66519402913582
GCKT7JDAT0KGGD1K,4722.196636053884
2TOHLSNEEJSTDDJ1,3423.5723000856106
L4KA2T8171E0Q1RG,105.48653190379997
FO8KO7AQ80597717,4672.731615603772
I6D546QDFGTPBG5S,2366.3485404556423
08639J6SR5C74917,821.656082169485
GL8K5F85DQSNHONJ,1234.5866424592698
9JIQH4C5JK5G6DEJ,179.91607358382618
E21NF787710CLISN,3727.125805949311
357T16BQ5ITM06Q2,843.1175406978751
HG9P9C1AFSTE2IDR,1399.8716240146966
TJFBKGED5GOAACST,493.873747712785
L0KR2E648S8EQO3T,566.1797612635863
1JL5OJ7I17KT2784,4753.3151122422005
SJ68NKCHHI0O0K24,4592.881173170724
9TKD1AKLHB8AJ6PA,109.04416841542542
0GBL03M9RH2PLBM7,12821.703900036453
I59T91E3GB267T27,373.36773154905035
Q99I357TKJ8B0O18,1982.7991739042368
SN5S8GF7ONNOH8AG,278.8604913446327
5D0TPHTDEHA55JSM,4.394793369489749
233LN1QLBP80CKIA,3401.661589864748
F1T255DC808A7AAS,287.22585345301445
8FBME0DH442FJCO9,5368.734538637871
6420TD7TG07EJ11R,11198.970727912067
PCRPCITJNK7SJH3O,270.8374262852754
SLHLLNBC1Q0RN3H8,4921.399934077748
R7FFF8N2N9G9PC58,3440.5187068934233
80N4R193NEH2F05S,6077.411004826574
9TI8MOHPAT858A2H,355.382701243091
R5Q5GSGKJRHDQDAM,380.5059396566653
5CSOC6ISNHF8FCT2,4414.144570037076
MGLD1STSJ6RR32OP,5392.356801583632
8F50Q1ED3EMC5LMS,5469.816554505921
0CEK97NTSG939JN3,15.467778492648891
GP27RSG1I4CNJTLB,5351.998565392003
LS2AFADB3RH85SF9,9111.399757256562
DOJHG61TO3QI5CL0,352.53463361000775
M6AIR5I2SK6PAG9L,635.1902544246202
ET06K5GDE72LAJRM,3622.3637318759947
TLBT5A7DE07ODS8D,141.12080400470174
HDM8TF4DQOL7PN8M,3389.2764578696624
SG8K23HFSG03L5HD,5058.836217982101
F7DL8TDDAQE8L2SH,940.1581605848274
Q9A6PGC1I0ECR8ES,7569.154988368686
O4LLD0121S3F0LS1,416.5052715106054
7EASAOPM5J2JP1QJ,99.92073505731821
53ETL4BKC9SGP85H,1848.8923410897605
A1E7N53448T3S3PQ,377.3495013731159
FT3F5HJK01IF96JC,217.18306723906232
10DC59G5T6SJGTLB,4996.95219308957
OQTLQM8J1S8REJ2E,294.8740494221251
7D28I9FO0C8TF6P7,267.6467854285808
G1ITJ4NE88J86MFT,417.2793612234644
21B8OT7JH5NRNDQ7,564.9869367894595
F1R3BDNFD1FR7F22,25.9643603532912
7G212SKQ9RIR70NI,8513.49003829191
HG5IFMFTM5M23DSS,2327.1592021436304
0GE96G3RA0EN9F29,302.8173054479218
55AFNOSTM7829AK9,160.13500783266025
MJJIM55N7MLH1F7P,3575.4203217073486
T4E3O2I30C6JCFAA,1443.8993912266687
G7D4EPRLB34QG45D,4761.20594023784
C700O0BE69MCIN5H,4473.541503608703
87K32F2FCPIE9934,83.49556029127233
TTB2JBGCE21F9OGH,1237.3415405243654
GHABPAL80ML288O0,925.6281964312955
TG7H4DDIKKR05IB2,268.34690098949665
GOEP7G2CNGL23AJR,178.67717941660672
2GIQ077RC5D5J0NE,2069.592604205643
9A75B7P90BL5TB5Q,188.70966453185963
4PL363D5FHE15SO3,7.896641518242183
5PEK8FB0IHR1M62T,92.5427479554215
EGHDB6NFR6GKI7PC,17720.270283460788
B2NPTMS6FGK134PP,423.63388246890736
JK81KHO5RM5BLQ6K,61.11909322262981
T9HTH65SIM9NFCE9,7362.380847801465
K6AHPS2GJ7ELI4KJ,70.91959670900253
01250ADN9H8O9CLH,1975.2742414303475
OSELQT44TPTTT316,2053.3804839880595
CJBL9GH7GEOLG0PO,90.32101140397941
9RCK616QB6LAECA8,2206.6611976438726
0FCF1ISL1DAF5AHO,2357.6525355666886
CLQ0QC8375CCFJGT,3371.7353433713142
IBC69QO8ARDEIRA3,1460.7690826877638
R31EK6OCRBLC3J0R,373.7616775576633
J5MD0S0JN8GFCSSP,5035.242357902727
AES1KP7K31K6BBB9,3120.108925392134
R2BPPAR3IN3AB6QE,4330.126263202399
6RGRNDKNPIJEAID6,1360.9600100423086
339NN4QBF2NCOH8K,1275.5896379521494
HS4PN1GAOPBSFQLC,8563.82472163258
OJ147QIN3C3BS0GH,137.60621737786448
O7NPI8RT02MR8O8L,137.84988305013056
KIIM48O5F8RFIS7B,1601.9927474728222
6I3H0EOI6O5B60LR,144.0663434286136
N6185NE3RJM003BH,1642.2803695522098
SO8JK3PR00AQE65G,416.34429078178
92P67ICTKBTFHOOJ,638.0176816806644
Q8K2ESDQR2LFJ88T,3379.2174773085653
4F3AMLP4KMEHB1FA,8452.143360629098
4QIH6FRD3204R5HE,1868.1609425313616
JT60NTPN163A1DNF,354.947427963485
4NFEEIM7NM583IGH,7486.5032517059335
M982EIN3FR77QK9B,463.7219840080547
66MLNIOMDL64AR3L,14.759529835206889
808E8IINMIDP8L28,5958.588371962145
B8E2FR8RKHH99IGJ,456.5530758839512
L0BS4119IE6SLRR9,1819.7474214354975
TG3DT0A4HH47MCJH,2201.9340730650306
DBJND51HBFKTDKRE,4737.726344292527
LQ3DT8DNACK6QD6L,102.76942903719268
44E28K12K80BCKGH,60.45599827814949
BD2O3JH2KIDHGQ9H,45.81011266674048
BACJ22B5F9JN24NJ,224.26337630255418
DEGB5BCNB5M5M27O,964.3540944074954
D5PTMML4ID34KMP8,137.4857158774102
31T6FESFAGNLNHN2,2401.0336801294225
9671O6OD4M82RKQ7,3442.4349842470165
NM357OPNOROHGARC,1024.033937111192
6GG93D8S6854M999,3390.079011209297
J4MB0BEGL92J1R7N,4783.239274255877
ON1N05K8AT756DO7,366.12517953736324
7KN8Q95HKG6D3B2F,436.75054692146983
P000JQ593EGP6OIM,293.6175562632913
OOA55POM9JTKJTOH,151.37399305633878
RG9NG9PHOJHQLRLD,244.9883885157962
1AFECPN4DIGKHASE,465.90115245565886
MIDGQ11FBK0S8SQA,5447.743025039804
B81FEI1BJPQ2ID31,2899.5240209238304
9H0M53IOSJ49R744,89.48383322237802
9GD6RI2MSLFMCIA9,7132.432869631011
AOMPFPSM3LGNEL8A,1699.3823482823911
L4PNFKRP9PPI3S4T,794.6509127509678
INN0S489239CF6AN,1121.968085832399
H4ESNMEHH4IMJ57Q,1061.9744118287886
RFB6519SE8NJ0JRT,3186.7298708078506
KEAG4CLDPD62MEQL,3432.890577323071
PO3LC0Q4T7S7LN9K,246.20300072177872
EHMNI9EFFS7OCFOO,18921.79228245003
M0I357JAA15F417E,5681.009812609512
QM2B41O327BNM8MS,176.99269660283124
RSKDRBC6SG8OB94Q,2157.928546883354
5C0IJ7JHTCJ5KFFP,556.4159685273412
NI1NEQO8GFDP8ICP,150.24557047005626
7D2OSDJ3HMCCE7G2,9466.917952728454
O5SLQ6B521R0FLPG,1553.2167277538633
20GK0SBKOJ9NHFCF,375.8439535152677
221L5TE4EKHF6G7R,15109.345203724864
GPHC0N1LGOMOC6BA,3893.6429774787935
04HAJ9TA1QIA4DAL,349.94513090341485
TDDM9IN219AD731C,170.41991862658685
D3POAP7L89SO1ADL,5926.169278968457
GP67RG7DMH05MB9T,406.6409470688873
A3IDFQ2NI9RFGS6K,7532.047293006497
AP5RH206L9D694JI,5179.0961990764545
22N5S12CLO8T1PP0,73.2543252895081
HP34RRPLFE3A2M8M,5789.9343625568
KGTO8BJ194H9OMK4,4835.481646618298
82BL3R6OQEPALE8R,3590.180045024639
QFBH398G8F8FA4R9,87.01652029141972
5BOTNK5GKL2LL72R,3805.375117520192
KS6SJODDA6QQPM4L,2906.9731234778155
MALIAQ24HJ8GRNDG,9534.304863997757
459ALMPB9I2AORD5,410.9313482712497
A8GKK05RC3P6E8TS,389.0180677311576
NREGKJP622LHLMCM,1636.0661185777976
MDFQ80NKJAB06PS5,317.5690831110666
LJDLT6J6H44SP79B,8736.510525048801
J0OQTFDGOBCCAI1F,3163.029689635174
61PLMNAJB3K3KPGT,4520.03426259784
LCSED2LO6JB8SCD9,823.0288859073481
MHKMJOTC6G8O7A9J,7226.951249255914
8PL09L8KFKA4TTPQ,5941.712094909201
61MDAAM2RI2JEQ2B,12486.148965182001
B2GCL5184DD34KN0,339.2664362424034
RA3LOJSI10J5I733,41.10524993973735
FITN6JPLJ1QP06CL,1519.3179023993864
PKSI9273T7F093LC,1947.720724322081
FRNPP6IMNLHGE5R1,2176.3940538910883
OC1AMQAGLC60P9BL,5401.587146358208
B13E1MCACPN6STFQ,559.7670079108073
O5654SIS7RNFM78S,4260.935774643386
CI8AD1E8KI84DSCM,220.70530226592285
LPF8KACK62CMB5SG,2771.2294144582847
C0HMB321PS17I17A,949.020648376707
O58ACT6DPI0TJAPP,439.5959942232122
PN3H5CPCC4CBLRD2,1755.0952678514543
FPM5PMCLN8I2Q803,98.19130650293566
JFKMI72GPGM7AHRH,6455.674500662931
CAOS1OR0H2RA3IGT,4140.639760457871
231QJ6E8BDR24QEK,235.29961480826944
T13ODJ44B7GH4B9D,2607.112054255911
9N5J6QJDJMOSNJI1,1144.07448875093
158I99N7R3MB5AGM,2068.0363701297415
KM2I4DMP450AF2AL,72.04015341595964
O63468ILLC5785IQ,1263.9029692985218
9SCSM7ACPR88LRSM,1380.3568952568376
EL3T70K04F0CAQD6,8212.483720779413
MQCR0J2HFHDERQ72,1610.5258932549536
24T7F8CK83O15M1O,6389.36725152566
ESKOBDP2MG1P0TM7,846.5734245802231
5CS476L066I6LRM5,768.8099964097972
CQ5N1GHO5HAF9AC1,164.54922038795854
9F7OM8TN2IETGE2N,767.5197589330874
52DH4ERFTD8CQD7F,11985.789221679897
86R56B0NDSH0E5C5,120.11141564232433
698JR9RIE1CAG5BC,2867.2664241274533
R4FSDQI1GK52OGSQ,3735.9733622636745
4NG8L0MESAO5QQ14,2275.5156694301236
DPKIOPB4BI1HNOD6,296.00964232349787
M5LQORCRTE4LEGMT,1949.0251019531925
5P7AJIRR46KGGLJ4,238.41158640975345
KHO285ME63KE4I2Q,1589.318421964067
F7MCM6GSSD5PAG3R,392.61365597971843
CH5943LKCSKJP9I5,4131.593962870055
M76CEIA5FS0FC92M,75.19734943981354
5MQO5K3QK8NR3HB1,1347.4516193938596
EPB5FK3LHPR4O25M,1344.139400567635
6GJM6SJDA1E1NF5M,8073.47133893645
DTO6FGKBK4FN1LLO,37.22611745655844
HEEF207RFNQ03RRN,1389.2680907837498
T2KGGB0J5P99T7EH,1283.7820293566858
HMRQGB5M81AAS1AL,127.2232082618494
7BE0QE11GOPFHRPG,27.390644056798774
FO4AQBFFIR1LH7HL,4902.857465236414
NFS9OQNGENC03LJ4,3380.2860637568774
2BMD9TPNCFG8PKFB,314.19068085825484
G7B932NKLKTFL186,1194.48090758446
L77QH8KI3AMHKTI4,2968.47620740426
8NS0LQ7MRPP6O858,4230.637716236341
O9M4ED32KMRHHTTP,9841.439530145186
ORPIBCDC8FNSR08E,4010.438296092929
S45L4MRGKDG9G5P6,3047.5363381630177
0F1JDM2PC6ILL3MA,241.74387406659503
KSMPHQJSL26JLBBP,12.021963162299521
4I8REHPINS8MF5ED,140.29420448245338
LDNBT1FCT55FHOHG,107.75249962669174
73TS6P3ARN81C9NG,10.394127210832476
TCJM0DK3SBKAOC0Q,2466.1547999352015
5P3K7T7F1SO0NQBB,555.19799922197
ETAL4PSR5H0Q40AQ,1186.8516886521306
NG5BHLH2NA107TEO,4461.096045801403
9T7EI2TMSP7I8KSQ,7652.116368062914
6209DCJT0T14DMJI,3.6101429509515386
TTDBTG97RIJ43009,1626.8490612352912
TLGBM1S84QM7BC3S,2581.744786287376
APP6M5MKR29AQ9ND,1906.892527257899
SB402MT6F90J8R2H,16.14022397162436
3TLTA7ITAREDB3HI,5731.058441171159
C0R848OF124QD6H4,167.26847422741025
5Q6PMED0I808HOL6,1708.7949457931923
2BO8RJF1HI82RDAR,13382.686775369328
90SE0ECGRF8Q7CL1,1903.7387891918981
CPH0GG0AMF8P1T7E,3280.7134431984805
3D9KJQPQTDKNOAGB,1031.5861428023702
2PELJ93S6NJ086AR,7463.317011109481
1LOPKCHQJCDG4MC8,293.04957932957166
OI2RGS0OKDPKMETJ,3999.311071000152
RIRD1Q1DL6TAQTMK,35.05503796985904
OJ04FRJAS6TM46EJ,84.4766867892744
JLT66Q04E9ATQOHO,5467.447104738747
9Q63M16RHTHRSSNT,1861.392233413486
R2IBDBMF2SLL6C6P,1079.8835823708696
I3POOROE1273SRS0,1355.4979544582588
MBO761GE4R8GQMST,386.12887563933407
N0HTJGCHRIO2ICCA,3481.083775266771
PCH3K6H41B0C4T1L,240.56098116469795
FOMICIMM524LG3TB,3183.2616172419503
E3ATLN5O1IL61QK2,1181.1850657467962
CAT2BJMIE8SOMC1R,397.73892211770817
0HOPM80RP9ST99GQ,177.77422136513735
0KNIJ61BA5753THH,181.7877486394475
H9NC52A3EK134F4E,3987.7463672560507
8HID6INGR9TSTELK,45.01551034217597
FELPPPHPLH69J9P1,2645.6537772601573
DD6OLRT419OL255R,10034.216477965707
OA37B695ND1NAE2R,1709.4050566019603
CEQQI8S0GOHC6KC3,3161.3962765765605
OB1ECBRIE0GT15J4,4133.775529781091
C1DFPO91Q6QTJEEO,38.56713603613592
0SEH7F4LQT0ED6J8,4335.44648348023
MN3KS00927GER5M8,168.2413204429475
E1E3L9R72SMO0RJ4,5012.49959802553
R16SJD26NQSDOPIR,5524.344386431804
H6F25DJJLDDJKBI5,6026.1547819057505
943IKRQP2IDOL3B7,4882.376707355748
3401Q0PIBANDEI4C,15101.499177345424
BP57JT3IIQ5239KO,9.162101721629353
HR8NRSCT2DQCNL5S,76.3203443878161
F94355A8J5S793CO,43.633854603312614
45CNE0JKNLN5RC3I,434.4463180368407
E64K8P3AH70AIHM0,15.277641102470922
46BD0D8QFQTF6G98,4947.920632657157
0SGM5D0PHC9TEC99,35.98868266820389
BMB6AS3AMOIERDTN,1304.1045499557383
AGK03KMPMHIANT31,7684.728351693229
H6HENHB78RCFGM38,984.0000997918183
ACA9GDQNF5AFD2Q0,4444.279294862488
O54SL55IPTPAGBFJ,368.21486507346185
AC5T7NDFFCOKQK4G,3891.7483584581573
84REM9SLGTGJ5KOF,6030.436191231146
C2K48I36Q4FT1MS9,135.23064329722584
0I5EOJ697D87PAAL,751.6414156573207
S88IL1TA22JH5T7A,980.4801715629505
KINKCGJ3M23DD9R2,264.08096569256077
5AENT1MEQ6ETTISN,1345.3400450185225
7CEFCE8IF9IMDIQH,5215.633981722942
063MPT719IBI94MM,8025.06324891858
KES22F37AO0OIF5R,2069.029085961758
N45EIG52J2A92OI4,307.5303164187871
2BMDLKP17M0S61QJ,5255.01757260044
421B6DJS6G1RRB10,114.86724832008156
KMAETS8N348TOBAN,2026.231174630583
2RLGAJTGH73MFDAP,321.3831504819322
D6TMI44R9LD00ST4,191.8529297495237
3QQCLTFNG9SF51CS,2241.7197299968875
42TE04C83J21A8H3,4356.742789460017
8MORFQR8L7SK9NOG,4034.95951209365
S1LLBF9OT6T0RJKK,8446.707695265492
58MQFECQ0RBI5ENK,2778.2418719615257
APFJADH4G33HIDA1,6319.075252442453
MB8LECQ57LTPR0QL,255.33176050060743
K2K3E6O973O730BL,7229.244263832125
5KKNJIJLHMDB4QCK,344.9459722495046
4JBECFHQBIL4EKTB,1796.2200107235008
OA16FCG3ASR39KEM,247.0947071938577
KIHL4D7O7DL51PKF,799.9881921349678
SG2HQ9J5PFBPHIO0,97.92319895000597
1TTQOFPM3JENLQTJ,9370.0273013402
LEK5T0NP6TGNLHAN,10186.6948250141
FFE0HFO16EGT5TI3,288.72725000096574
N3AJKR3MDEFN0M2M,8284.768200230299
KJ7BTF2F56DQ1T8D,1893.4350219093844
AR8BIJ893PKA95GO,2142.91454424669
IA51LF9BD7TPMJ3B,2569.5574700829334
T4SKE38QKKR5BF82,335.1280468781507
P259I124LDGI2HR5,325.10672749493483
DQA1H73HOBJTBA2H,94.22522959986946
DT0JEJHQ1FD6H5J6,286.0111649211386
CR4T2TBJJ1SI39GI,38.35879231045829
2TL4DREO6N0H82KT,1226.7788796452917
3EJMO389BPTR64ON,262.72796317643866
EH1BP0D3TE1A1098,2735.752092960592
0AFJO243L3L5FM9B,4006.9505178770546
HM8QBTE0O0QECAS9,14784.70816979718
DPA99NJNGSDLG07C,169.85930523607865
19B5J5CNTEORL3H3,1945.4085316510248
6C9MJBEOBTORFIRI,2554.6783210282633
85H0L3K9FQA26QG7,2479.0337042030596
SHKQD0IOOBN4CGFN,11956.220678289426
3GP2O9CC7AJIEAPC,709.8540319406252
441KF2J688N5GQ6N,12.548340833877603
MBS7QQAE510AF4T0,21.490027036450417
9DED9MDT8GOFP6KO,75.70731641809684
G2NCO6PST2AE77OH,10080.811507918816
TJ60N0P0FDCDEA4E,7639.551416611777
4P7GTP528EMNTQEI,493.5190940119969
N18GTDD6429BFKHD,104.85417544808968
7G067H3FTHGIDA8T,3.067776061024757
I0EIT15EBCAPKE19,10162.307182397406
QOMQ60I7IBKCHF5E,2738.2832703517197
01HG044MB40QIQ3T,64.23518026575888
P832LCT9CCE3NDB9,135.58420511251353
P4KIAR3IT2I1TQ3M,32.29396423318895
BOE27LANL31G186Q,653.5959493182329
S7AQP51R6K0T0BA5,14712.836040474336
0M6I2N6F9I5GI6JG,6690.567689060414
MF4TLH1CAO035BKL,333.50900079820724
AQK3OTA3NCTHQ3S5,3648.002941278144
3B29150QR9SKI7CE,2519.8900693486785
QE661G39IL85H1JK,42.64243082601935
G27HIQ4Q0R9H3J31,109.48411891404808
85QPJJK5BR6H5ONT,5373.276498376558
M7FMFL3REH0I6DE7,536.4054651649558
S9G92R9O0B8MJAE1,11883.071226435579
93IJJ8K92RM2OHLQ,2087.4206537876453
8I6FITL5J7S636J3,2258.9199075174665
3MSSD9RSGEQ0OD69,351.936962570289
8LS5SNSKO1F6BM6T,7649.700660233134
LMF8MCF19916F9FG,791.9540085104961
4PH5K5LR41TLMP00,3051.6213353694293
PENPJNDN640A03CF,16750.90678500101
0LOIQQOD78MSIODD,6642.095250628586
198D3BBT852FRTK9,1288.8679523530418
I2N40QCQSLI7AKHP,14585.605569645862
NEI6HGAGQTFTFIB5,2959.16036227222
FP5QDNJ3C9EG6S7I,735.2930363333712
N3S6NM082ESSL11N,5122.776979838516
M92GSEMRO3PNNT3N,9242.28091936407
K8STBKCGB20AMTLL,7798.823441931554
5P110TR46MIE8871,3938.5928783522045
MBBGT7RMKDNDQERF,1348.522225715963
3MQKM6I09CPHKICD,7890.410758524226
HNQTT5NECLDDB68P,70.73948481566157
9HEEP9748KSCIFG0,13453.531794379758
BKG9800JFLQJJTRP,5175.816770514992
QHS1JMJEK7O3S5RQ,2853.6537957669902
NF91BK3STHGNCJKL,101.23041312248601
LRCNH624O01QJM2C,7519.215059997475
7MKLBQTF8RPKL7E2,204.38524822488154
39AEFH7N1CKHDQOJ,6517.398310231205
CQF4CMLL7BOBKLA7,126.07585170427284
761FOKPNG6AJ2R2C,144.84804947876594
B9NLMS5993SOOD77,1631.1620156781173
DP8NS0DD1KDLNPCF,15964.06376255508
B0CM1HQFE65973RC,6556.187351608485
8J2TII36KI8SPSO9,85.19577979864185
6QN1E4EMN1P6TMDR,334.27110381133224
68703M8444I4CNBJ,4642.846012894324
G057I7TH5JK2NEHB,2469.514648344241
QQD0R497D5FN3O2Q,2792.3757072596345
JM4N1JCRQI5PL8A7,575.4251871077206
LTGQ67BBOQNP7A6J,1650.1061945487259
KIF10JSBDR8GMRT7,20.89628696909209
2B2Q5F95OBN5JC7C,5140.556184972307
DQGRTDBEQS8ES6TG,83.7726545497689
NQIBB0BCOGIO71QI,256.41623410892555
BSNKEN816BJKPTOO,592.2784735060868
T4785KGAMPQEH6KI,1738.5506485059823
CKGC9B6TEGEC0MHL,5086.878692918143
Q33C9ETJ11M8JOMH,3.8804289996430157
66BTARSH0FESNG6I,140.73110255231052
7J0C0CPJF4ML8ASA,7084.227706360456
BNKPQSDNCERTS7KS,10611.300613142534
CEFS31F1S4GHSR0C,147.4485174102786
B2TD955R83K1TKC6,343.4459985173223
QTT38HLT9I4CLSB2,32.596925839249536
CRDCI6198QQ8DCAI,2063.1958613071765
S8GF9GEA8SM5214B,158.3010818468274
11SRGJCE1CQ3TC10,722.4356486892312
JKSFNT02H80R4L5C,101.34110825214468
H47AH7T26D0RN7A2,1898.3436337693868
RJHOSDC70GTL9M5H,988.6040567304897
CDG01QQ7K784COS6,108.48927016812459
HRS1782KH4NL9LCA,82.50334142895524
GQBMSSEODDEMQ1K4,6021.633447624396
PLCPB8MOD6M1K1DN,5821.308658777904
14Q6S22ENGDIHA1L,18307.807900711294
B6CSL3J5SIN5GKF3,53.440768061290555
TAFF925GA5T7PEGP,579.6716667112726
L9MSMHM49OB30995,3044.6749204601824
PQ4HNT5T42EHJC9K,80.60966127839859
CDM47GLB90K1DGC6,548.2224196844213
LH55OBIOT2N7EGHR,4717.809448038546
4G783E2PPTN73A0B,23.17263334527031
Q0F6PILP6Q29JCM0,3725.133566552721
48H3ESD87ON37N38,236.94840669987732
BBHCT56KJGD4S0LR,1833.5610055173202
9PMJ4CBE5J7CNERN,2841.6945137066405
BIQ0QR4ETMO0BEGC,1578.1011771182755
HJ4DQQAL27COT9GK,3057.661806101056
OOF02CF3E6BO0OIR,5781.671985174132
EE6919NSTCCF4OGA,67.32004782870506
S6BHDADLL1LFO6JR,1235.176926698793
B6SALP6I514DMKF3,8757.576292337522
9MTNMR26B26ST162,48.4661028606726
S7SNQE03P9B0MTHK,3848.7432775188454
ARD1K2MIHS1KTM2D,1960.3558265496945
BN7T57PE3QEM40CQ,5645.416276260166
4DLQG70OPO3A443T,5367.189396456228
JC6J7TCPNARCA3DN,74.09133720966099
PNC6TIPMQRBS6FQB,4831.515321877061
982LHA1I5MBFSDGE,27.57590854941233
NH237TR6MHBHNOCR,1672.2498611347687
4RCM7AM60J227M16,72.03541272942039
CJCEK01KSDIJ047M,93.19208448996412
7G20SEL9I19M91DT,214.57002630727183
K6FS43A9D3LDAO8E,465.9743573014084
BL4BG9J2O77TC50G,6354.779439547034
6K66324LAN2FM2F5,1600.7094394993667
8SSCDTO2LDBHGP05,815.5550467595178
31EIC3QTRQK7FI2I,38.70911210539135
AL8PK3KQIG6TA76T,3.1320950855410277
SSDRG5LG7BSO6EGP,8512.771676365346
1B5GDC3794PSFFOJ,125.04121706092134
GR3MQ52DSRECQHC1,4736.963644165269
TQQ6INR1DL68N4ET,4808.823158279002
K31C5CDHRIRAOI25,294.3977013310652
ISN5DA2T9BM2DG81,71.77373636511435
PS8M8OTDAIK811AT,3855.1611765942575
O81ON6CK5AMGCI6C,1964.267753741385
54T3T99M38DQCS0A,1.254449685197732
Q2A8SECECJEGI1NL,579.1294042284818
15NA7607Q0P0B00H,36.42612523059741
44K59E4C3DMJ0RAN,358.5367043481914
1HO0MGMMB9IB15DQ,3188.2001559434466
F58F8FSN073TRTKT,2059.4633538061953
LHK08DPNSJC7A2QA,5883.429873051735
625G6QGCPJJKLC6N,806.0111735429662
CDSO9I37RLHABTO0,229.6543058412422
Q78GCP6249HOQ6HG,431.3663674490606
SOATPKC3HHRORTRE,434.03250570035215
6I9CNH9T9P1ID6JS,743.7948515180731
H6GOT8N5C65FRFP9,1615.0955764427404
GSSD8LEAACRGAA8M,10623.558553640314
CJSKQBBMQMOLP3T7,2221.596075654605
HDDAM131NDCTEE02,288.6823507954915
OEBOHK8SJ6Q8PNIQ,1734.6900778595104
A7NCBKJP2D2GGR2N,1344.553794443414
B57JT0L0NIM7LIDP,90.55830317829128
LBKQ86303M6KT89J,187.04085311058688
PD7PNKQ7FCM7IR3G,362.82395440229715
H4R9O6HFB62S7DE9,61.715683535336304
LO5FQD35NNF6GT2A,1614.2852881687581
NJI7F0BS2COB00LK,235.49413999302283
GEBN4DJI506QJLD0,1348.9155820842561
IEB8ATICPODE18B3,11575.107074909482
ED5T8DKHQDRSCKQ7,2995.3873099633934
5T4AKJHR1O8AL0GL,854.9111299765816
OBPD40FI56KS29IB,164.6800657935421
R60OG7LQ14AJEJ8K,4179.275730633672
TSB3QL9IEIJK85CP,482.58289600816687
8N3QOEBFBFBDPKO5,2799.474103221216
T5Q43N5PP4NS9J82,4745.406361940706
QK9CPKIGAD5MCDTK,9959.197338404778
Q9QMPAGLF7GKLP3A,3667.327221029369
12FL92J9NBN5EG7A,388.6520684184427
OS96HS9MCJNP5HHO,141.113353136026
OMTBAG3F14BL2EL4,1457.419855376591
F1KQGHLN9GBHAF0P,3479.2723145409072
EPI5127EJTHNRP1J,487.3728932214333
BPM5MFP836AR35KE,155.93380751376952
S2H604JJG502EROB,379.45120616294014
8JDH6F6NF7056KRK,819.6470925538822
EJ283B3E917KCR5L,285.6037018107191
4AICN97BQ9B565QO,6195.9131803893215
SOIN2T60N1AIFFIF,1304.1279597035928
85CNHSEHCOSROR2H,52.87699610733539
GR976OK06CQHIDE4,1527.2448568762916
8K86M8H1L9C47AF7,1550.8237778069163
QQ558Q101O04NCOO,1231.3054033145127
0QN0BQ4TNFLQ6EQ8,6789.2708256976175
3PDSF1621LLTBGO0,24.782897074436473
TN4BLNDNTGH1G8PO,5441.7967861126
9SBT98K4N40SQ5AQ,5778.680571484844
RPKMHCMI960887MF,97.55014327528926
0GJDLEF7B9K5BC3G,536.7929466279954
PNQLJFEMQONFAOFS,283.96233669465755
BOB4FLPIL0QPALJB,4810.96351960531
AN485COR7LN6AD2L,9101.854581988779
7M10I6O43RL6NOTF,890.7940589172731
IBMC420IB5MDEKOH,291.3904768630446
OHQ6QD7F7DBBTTB6,2578.6579356581774
LG5D4IAQLB44J8QL,5072.967803870448
D3F5303JINO3GOS7,58.749528597571356
6H0ARGB62C0PRCOG,9225.954636280092
LGLOTKSCTEMB6P49,3516.8149778836805
P8OD4I7O48IIT075,7605.323590950206
EPH63HDJOF4OEI7A,1496.0434809005856
OSE54487LKK785N7,301.28340997949664
CM86GGDEM847POP0,8188.217693512367
9A37DQL75EOJCAP9,9780.386942679934
B9LG8M40F4MN9T2O,910.1608090979297
REAMHFMQHPAKKG2H,962.6173546280647
3AL4OPR9E50I5N45,86.52440602887614
EA97G6JB53JJ9ORP,223.46976982566622
303BLQEAIAK047RO,518.5840414006605
334D4CK076OP4N96,8378.214533283934
4E3P3T2DIC15JO4F,37.299902458020306
CBNS13FEBPD22GEF,52.67208565839895
SSO6LHSCQEPF1LDE,1483.06765358881
DR4C8AI9TA2SHGTA,62.689746505907465
8PBLA7COQOC1C3NK,4397.1721782153845
K2D5B8ODHJOBFBKJ,2122.0966718184322
6LRPH7NSL1E9T859,4812.036243706501
JSAAM10Q9BG68TSC,4094.533858349471
EQ4CEIIS5EEA9KPK,2980.7437247202924
2ECN14ICLN4SFI87,50.04215938891158
R8LJ9BH6948LBSKT,2537.4881331844645
M2DD5D1B45BF2Q34,4737.170776981706
E4D6ATS14GMDSJEP,36.14475830400706
LQTCFF03F5B3GDAG,19.369566610140865
J5G68005M1SMA0M2,9552.259552054962
8JARER47CCQOQCIS,68.41893809094245
LCRQFABOT6PBF3BF,3.7722518772601195
4MHL820B2ORS4JEL,4915.641372204702
KH89RFPTP6DQAAEM,457.7835199711891
SBCM35F4B45NB7CO,3564.0266387245506
K2HPN1OI1TNR62O8,210.65959380046044
KOK82KBJ5LK34BR5,909.3143065784362
CTE9M3LO89QSCRIA,1592.4676323782408
G510FGLA6BEL9PHM,2629.803608728699
Q898FJACSPP4CEFS,3377.7557166207316
4HJD2O6LEGS1OSFF,166.65006525520226
9CRA2J6NJ7RNAMB9,119.6100977323887
E857DC0S7NLHMLOS,2737.4918024451563
D05DPQC3295794B0,780.0634750886892
DFFBMCE2QPBSACIF,1401.2606254811355
G2E566N7M58FL52C,818.1678095867635
564CFJH0GHFK6DN0,1225.4607354932402
G3N4E9MOHOB882AN,4132.705383839755
G7M8I7Q6P5A2G32F,7378.477347597985
QA7PAMOIO9EIAE8J,280.3347107792765
6DMB9A1BO321CSHI,2152.6138929348103
N1SQJE4G8GDH7S61,19130.471446726107
2F5TORIJE38FT0A9,2519.1556983492396
EA8CTL9IPKNJK964,1661.5733807341196
EQK4JLRGAFQFI888,44.34190649445358
FC0BOEI2GI2JMBGT,12.320205250194665
6JC963NATIPJLL82,923.6958308042589
2A958ADDQFE33I9T,4610.417348220731
N9OBEKGHOO54RIN1,2222.074009246905
ID5KC0NHFKP3MM07,9573.341268287735
FOJTREK09NJO2OON,44.77525536962485
QNM493M86HL94MFT,257.6925059276328
ROCG43OA921P4HOM,1098.0037339381834
90GS6A43NPOH6KBJ,1190.8314228646302
0QRF0M1L9OMT7CNH,758.546773915239
94RNE0JEKFMQR9G2,10.840069888222851
QOJNDMTA98D50J4I,233.32185364834936
ESSG99IS9NDRKC4L,3097.0031711724077
K3DGE19E3CGRN8AI,384.21586420132314
BISLO11SN6NT0DGG,123.25699575372549
D1MCMQOCI3A69KPC,55.22766301789634
7A22R01AFMFF0HJP,8931.805280565497
7036080SN589BLMD,58.289564793211746
ERT6RSDPQ14K6OQM,1638.713662767073
1PIK0IE9JCBLJMSN,4983.533367120769
0OSKOGI7OL3D748K,283.95004386900314
PFJ4AP21MPQGM9DS,7674.7085654267685
SPJRAFEG7DIJCQRP,8061.774737555319
28GF1GR3MEODBJ07,12708.428030235526
23N77S8PHTJJ7AJ8,142.2288172605035
BQMF75J17RPNQPHF,10.19034030970866
R05B78D5DSD1AQ5G,2740.3696455769823
4656G0ANM997I365,8520.875679317329
SB76I03CP2S6NSBE,698.707086685243
EMD9SPH0K6DHP936,1411.4685364030356
KR79O270DBHNQTSQ,107.18922638544376
7COJE2B8ITLMPNOD,1930.149426208208
G1C5LI69TDPLG6S0,12481.841943693618
BRI58H4NOR6A8QCD,7565.414865727118
T0H61HT3A06J51G7,4055.37192163665
57H72382Q727QTCH,4.7978886691339335
708BD5Q11LJD0S4T,611.4301995008318
AF6KICSCINQO6152,49.498292232943726
NMHQLB4T90LS73EG,530.8762326782717
308DCN2FJN8EDHCR,56.776815407992494
IC77SENGT2SFLJP3,6601.36541078279
BD3KMP37J6BC9P9D,3282.5461842914183
JATEJNE29J0L2H4S,3383.8566209819464
2E3KEPDRFPA17RET,193.2313786073047
0D3HB3GA10FD6H9G,85.84453220662532
BLC1INF1KND9K94L,822.104718226235
13NK37DS2RROC1ES,285.6855023909125
06MJMO791GMB6Q41,656.6233716115464
2FDCLFRK0HJS8QTB,2205.0943695884466
R3QS4GDHTIF2OSE0,1867.5836920379204
EO7Q12MM6KS8C8RA,348.4979123801779
C3GGPB9G0SG4TGBQ,794.0294588982438
PNHR8RL0GLGH3LGN,677.1532588855091
I93IS0QTO39Q1RIC,3804.4968385349416
O9RDQBP5TD9FIRL1,8867.141384211152
BSB8NTTK06TMHSAA,169.46406526062208
5GII903G1JGR434P,2452.3904902002296
M3ARGSFJ71018P24,794.9212103608559
RGHNJKO5QAN4QLOQ,1768.873399954904
851PD431MGGLOLHD,12738.46633773989
8863D882GS3JD7O0,4922.20873824743
AR7P6J1HK4GJKJ3L,3572.9369753042083
D7357S88DDOJQBSG,361.8539692353235
5QQ4Q016R6NMC3BO,6301.4395274833905
DCP16E9I72187GHP,2447.7773990108485
SP7Q88OSR85IN4NH,8875.305595822629
J7ETFG14IE6A2BIR,3901.2719085770586
6K2R5ND9MC59OE0D,763.5396769704178
S1Q8EFO38RJP1RG8,3304.0754443873147
S76FS18BDGK1PC7S,2759.597877864936
9H128MB9KAEDPPAG,7617.471656939859
GKTHNITTJO60PM5R,256.63736376438357
5IQJCQP6252D5STP,60.43149674735314
RRNADFB23CEK3EL4,3594.311859208329
6BM80OCROFCMQR24,17978.53443236344
0N83TC3BREHK0LRO,6745.557281249274
TNE0QIBP1G8N5HGD,996.8943513949085
G7JF9P3416DHNKFO,1107.0661979892905
7RF4FK1EF83FH1T6,690.046522083737
ET8D1C00A2LPTBKA,2522.3610950119946
6HHKQIR5Q2Q3QQMF,3409.763623129274
87E8G855PRLO83M4,4523.938187198133
7BTJK0PN6PCS86GQ,23.513559463914664
4EM05NO70GA7QP2F,303.89551172595225
1AK58H3MDM4GEHIA,5944.844475047939
5E8H7OSF413LA2E0,1134.2289969706185
LCDL87ISTJGGJ785,664.4194029757875
IFTCKHQ74508BB6O,930.1891066541667
7K3OQ59E54H1RRI3,2.429740985137353
E54INP46O1DM3E5J,645.255651688483
H57GGH81JLBHFKRA,3841.0892249562107
J15A4LAF72HDAD0I,1937.782596346886
PDIM22RJNB61C8AI,9640.2604041847
2CQ69D85ET18M586,85.60338330320806
I1NQ1APP579C77CL,16.976435719294045
D51OGQ93AQR80G9K,110.40853337766865
QM5H2FO0C9B96SO0,352.79148764397564
9QO3HG33KHAN8KNC,45.459551482230594
31AG29GK235N5B7T,387.6801637072473
0674FBE3GG9EF5A9,5940.489619004459
JCHKH5K1BEJ83IO8,6083.775494331004
0GS4DTJ545AJC5P2,1517.8608887429914
JR2PR8DCAKF1044C,347.4366420821813
DHTCG80HMN9284O3,2730.808029333001
PDQ5N77RGIC1K3O2,402.88654612567257
RI9P6KMBSRKQ1FIH,28.782733596428105
CKMI4JMS0B931N38,379.4427382751936
50BNLH33TP19IQBG,1972.2544223164932
8GJGFTAR5DF3FDGP,10665.606094947554
9F1I6ADGSKQ8G79M,421.2024713939361
IG9DIPQRDTOI9BPH,763.9030159858626
PLE3PSKLG2IT3H3T,809.4807924287497
F85JRTPECOJ9396L,92.99311313370974
PS2CMKSI9FJ3FIP0,1524.4943467634375
8EJJFI1FN4PS9AJL,56.75927294456996
02CBLI3E9KQGKNFR,3799.682683267115
QKFSI9EEEEC3R00F,7110.506131573898
I33K2RMCFNN7JEC2,3101.5079645736
SRN1333JA3AN1QQK,2120.393492062299
O8RFDDAON90MD79F,1191.566369041186
1RGGOEENCGEQSTL2,380.4922226055798
537I074DQ8ETSDEC,273.60145233192867
0401QB9BCDIOMBNG,82.69967705743176
R26BLRROGAI70178,140.6689772174698
MFG29QSJMM33R35K,14658.580702800104
BORTHAD40P7PBKSB,1685.0911698836107
6G35SRIAK2JE6OTN,763.9491696754064
1B5GPBGGF67RD4G6,4734.914133693552
SD4SACCDQ6SAGAR7,24.68246539307981
HN3HHA4D42LTM79S,1394.6142527340346
K4QTIM9ML8E0G7F0,2152.130478026807
LE0DSR7ID5MDMOSD,48.129050734880295
71QC0AMEKTPC21CS,3629.8874088756725
00406GAJ0LMI2NDM,1888.1897790499545
56KMCBG9A8H5983J,96.42771422905761
P9EP9HNC4I57F1T9,2.2290217646586896
DJDSPT1CI4DB1ANL,3085.602808040074
ELS3TNJF7B537R5I,777.0624474931417
B2THN4LICNB3GJS3,798.4436113212621
LD10SMNLM7EG1SB2,618.5506107941442
O3R590QD3P6I5DTG,529.4281571833134
6RINDLM586PH9T7H,151.49615575892355
2KAQFL31CQ962GH9,6637.250234658177
62FMKHA7OBO6RHPC,2727.701343653165
E8C7O1928STAH5RB,1785.4241063331324
RJ0Q9F0IPHMRBAJC,227.574065220499
8DDSSE236BRGSFIP,365.7398317858364
860FO15HB79HD9IS,2866.424685581515
QPI6I1QH60QP38I7,9263.607525105966
7E7KQ4KECP63EPRB,94.01889320641263
PPR1T1LBA5307N3O,503.514662898631
FIFG42OQGKGN8J6O,6555.291768672454
291CF1039A4I1I85,15.253718229367069
LFQK759M55NQTT5I,469.87309856066906
M8M0I6FKDCEBREI1,2163.493855872908
1N4P1O8DJGO3NGKH,8461.172376086577
MQMECHE5JF4SP4SO,153.02413239060775
DKI8O4GHBPDI80CF,6142.272202840352
GIDADFO3DAOALGJR,4798.049483508686
JC9SSASKNEFB67MF,1079.5899541445187
0MENNI0KRGI47O37,6305.667136399063
AD8M1LIEBAGHCRHG,183.29361452173478
6NJQ6PD66CFDJE7D,473.69871741839955
ME7E68MCPFOFGPTB,8259.752474485758
Q1DGC3270TOM9117,11516.93919178651
1PHMSN777IEAR1OR,3250.577204582671
CF73T8R0ROQME6OS,291.7482971616657
68533K85GOBDMH58,944.8088799032888
997T33J096M06MI8,4696.1668311694375
F4QR63EFNDO76K9C,4145.264708433975
7M0LQ3M166973QIJ,120.84136890584634
TES0BDCRL8FJCQIK,556.9109463731905
TI6JD20PMLMBAC3E,9737.858633699145
3TI8EPG3O0C87SPP,50.821234600604704
IJ9B2F8D9L8705P1,4622.641134529567
MSKNN3H01EQ6J5H0,36.985792555629544
R84N4L7B47BM88H3,243.09134491800688
26S8TG9LAHC1HJNS,494.6182219076745
TNO94EOBAF7S3LRL,2779.8831066055404
JPLFHKL89QDBDN34,3580.3414074193706
7J4LGGA94R4D9M04,5274.77132770836
QSLQEI8BAIQIQFBS,2343.8922032099663
HLC3PGDMAQ2N6I1L,2666.9438052841697
HF4TJHSAPCIALM4C,2220.774949379825
M5BETLKP4HAOMENA,2430.9933869927117
MRJQQKSFS0DL6O9T,10475.710670603215
9I2OO51T4F8TCN8H,3873.153518286371
1GO04QOJ7B2CQEL7,351.27872273425896
RMBH795LOHLHL9H8,101.6504020894159
728TT7O7L0KRBJK5,5181.121114737627
38RP2RH76HQ8DTK1,170.07030342116272
OJKCM3ECJB7G0M2E,491.32920999053624
LRD1DCK7L0TRQIQG,874.3394080394309
RGHR7OGHT2ACCKE6,822.3965714158567
319HTTN1QJDN7IRC,4601.383379096014
K4AGL6MOETROTJS8,176.0251877244973
S3060F6DN40SA1LB,1917.8768556735436
H4R8GESGSMIFNMDF,3566.3493933325108
PAJ3OM3LC2OMPGR1,1199.9142737862467
8H6BCBHF3J1PB6Q4,5668.709231318737
S6D4JALQL63MC456,1173.8737266177163
J7Q5P4ICBRCP9ICO,267.36961015200467
99JECISO7D5CIKT3,2210.9632708582176
RA6S94D149S3IOTC,1017.12136044514
JNRLSOFJ48DKGI5G,30.544539656161902
LDGTQ1HIIQPTRL7Q,12530.664796735178
N5AAFR29HI2285GA,14175.386948945925
LS5LK590J2H2PELE,3399.756755457311
6RD0BM1RHLKGCJ2P,455.4399522157922
7SP464J06MQ6N7AH,7078.888767637092
RJIBLL8MS7C7LIPD,158.17662663677868
731M4BRQE6QLO522,4427.342695323363
L8P22L11CIS8639J,4178.005428904131
1C1OBO4TFAC8HP6D,5098.098910216107
RJPH047BKQ42FR3C,1645.5839258582894
8OLHCKMGA2S157QP,4824.087423835094
LLKA93S2S53C3320,1051.7519391861128
FLRPT3JB82H8DL3G,369.44486568116474
E7B7CHI462T7LPLM,1368.2866290185689
6JBE24TK6RCO8GLS,2907.5505312164705
P12ADTD01NCMK8OH,270.2339463809195
2S9758BIAEH288H8,364.3076791376178
E9RBK51RN8OHSD6C,37.70128239659775
9G6HBDQAHEELQ09E,489.3593765052261
7C0DKL09BM799P32,1502.54967352633
N4KEFINB16DKHBN1,4.841795552252132
PS9CIGE4TTMKKQGE,27.201037390012033
RG8S262RQDSI8NHM,438.79531891573873
FS5TE18BF64EPNHB,671.7960968718719
G61KDF1CODEP61K2,63.39785553186086
0CTI742QMMANCKP3,2797.606505751427
25MR2QTC3QO7QO93,32.13615239808034
8EOQQ2EQLPJAQ7MG,5489.95554957768
K0OI4ICOBQDLIF7S,4431.460616472161
4A7JFSR1P3EHA825,3506.670460192951
D4QB1HLO7QSBDCLL,3703.5480716262373
C9LQ2RT1JCF9TCMA,2413.1049993618212
RFEBJ59BQ324MM6H,2162.140564373743
F2B7498GED22HDNI,771.7974824235329
75LLBQGHK5T95O9L,5007.933478180353
PQP5QOP7I16RCR1N,126.64801990587885
CFHR54N9SP3057ET,147.19247956699127
MDDBB6HOOOHJ729B,543.1962542716802
B6IEH49F2FGF0QRH,287.5488285372264
2GF6L6SETAQG1S8I,3774.653965167865
6NR00EJ46696QL8H,1730.5557567129083
F8JEKC425JDBKG1R,3095.520594191971
R15DA7RH69C5S6J5,207.23595558815643
BSGE274FHA35DJR1,5804.267364819489
L87L1H0KP0P2M000,104.74195838293821
MEL1G84L5CKAEK82,445.815133138765
J32IN9TMDO4I1GHQ,218.40379781052104
77J5JTF56QONRFJF,110.64284006456133
A1D8AMP306OPH2ND,4746.890738961696
GADEML56TQ0NR1OJ,1382.6867593302154
Q6KT3FDB0QK9LL1G,9187.667561439712
OPPH7LJFTSIPERHD,1874.7519165526626
GJ109F51IQ0T71PC,227.24934759875572
8EJFH1AAS5T8C17R,1613.844364397129
23LE9PALBIPAA76D,1547.2067945991444
NSODNEDBIBFBBEA8,3589.6784773411086
OPP959346JCIBFGM,784.0026403219376
E3OBN43JIQ62B5C4,410.3486825847287
Q3RKSLNMHP1OHG6P,100.03524286604329
CHD5CD7L0BQSA02E,459.6075956608951
06FCS7PCDKMM33PA,679.6380034926434
LRPBD8KGS1CN7IRG,1121.0888361639277
9TDHSF62ER3MJ724,11960.813660685097
Q24F8LJ0M94KRKF2,5812.553193925329
7QIC8OIMF3T2GL12,601.5254240711373
HDB8MAB335LEEKOI,3145.7774535917665
NPN0RNGOTFLKE3J7,13814.962704464178
BFTL94LQ76B9ARJF,6078.543100077792
0H3OGP26SCRC9T10,2311.2652503089985
DSTC6IC7CBS4QLT7,998.3934847343296
2O8PS6N9QA6L3FI7,279.16167440276655
3O93QOMQD2H4DK0C,15692.434563060537
P558ESLBFSNLOPBL,663.2466089424183
5KMNKS9TP65DN453,3978.911716657772
1SR6AQ77E4AH7LF5,125.3826758126532
P2FD3CCC1RCB2SCM,1669.697291004356
EH1E75HEEFB0TB7K,2590.5294863764184
94QFKKNSSDT3760N,1087.8133310543487
F8ID6OM7PPG7SQD5,6777.576610859749
HGTQF39AM919KK1N,1299.1872434294248
T53DR5OADGM6F9H3,328.1666764846559
C8IKS1INMP5FDJHR,286.98497315072746
Q1BGTRE7IFDBSPE2,5101.779220925105
9S0I86CMOJG13S6H,439.6251913467685
HNI26KG69LFBCQ5T,2337.7845464836573
2AS3FMHJ0I6Q3QOF,4607.069618596632
C8GPGCL66ORLBSD9,10641.238664431967
F8ELHMKQ1JGKT2FL,2335.553627461448
DP8MTGH88N1HL1GC,5016.220122580726
845BRPLM0FQCC0PQ,16930.741396119076
A2A83H9EC0EMNFDE,1198.9092914778373
NJ9FLPACGMDKCT1T,8757.82598674745
P4P76NB9CD74B08E,241.3162324535615
50CSS64TGQ5L8AED,2.3007547923047054
1JPBHKG8663SI9I6,1221.4049349773604
043ML37RA2AICSR4,12269.04496162519
F8ICPN2E6AGQGEDG,1757.4634006700655
5S3JIGI8KOIJ8681,134.99321259791915
H8M8MKC4G25BF5TA,2968.6039673339587
20IGCMQR8RLN2DEF,13.175104657190527
TREME0T184CRGSAD,2450.9080841851965
HGT5FT9GN8PIO33O,731.0249710523269
R3TPRN2BSH26SPJ8,3365.1970766122718
7OO1IB2SBH2RT24N,2.1478094376333474
GMIGSTLELNMAJA5A,3643.400651673727
7OR79HPBMLIFDP63,3566.8011503899224
DNPA634GRHRSO6FN,162.64419520342466
5EGHQ3DS092N3LK6,1464.2264941150554
9TKA61RE995HR1NE,27.62114593836788
H40BBKOBC50TML44,12947.408930504374
29FA682798OBBHPR,710.3634924025372
0515PKQO9O9QLA0P,9.81408384893749
FL3LJ8JKK15NJFI5,260.5030498244137
8NPREPLE59DBFGO9,5352.940302028328
KI26OOBRBMJISEOG,2826.0599040625425
EQMH4JF2RMNS04TS,489.653006311942
SO11JSMQKSE0AJ77,5675.915908590499
1IKQ25P3Q83KA42S,7285.132476167266
GGMMB8JNK74I9H0D,3816.768259183152
C1OLJ5MI12DD6CRN,81.77733574917383
LQ3ML3B1HSGRSDQ7,255.6324607532214
QQ2PL1JGR40I8PS7,454.15929218951976
OCOGEA3QMG2DBKKF,134.70496033455254
616IF8DDT23G9LS1,812.7320706507836
FA99R8H6IFOQ01F5,3868.3935104518323
SSH6KGKK1TOQIA2T,242.13385787936483
3H68P6RARN5O45D9,1135.3988775387222
KA6RIOB33P76JCM0,316.2958918036979
6HNLFOQI5MPF69RJ,261.116052502948
5LO6PMAC2J7SI126,13.471646461048511
D23TLLLRM828ENKE,75.07832535395745
EDQTC5E8DT9NF15A,6145.342941903031
A0KHALK2O746TJ34,7875.782303027894
H9Q20144H13EFT3M,431.1509996393095
KG5PE755Q0C18TNG,3007.571664243057
P8MO8SEP75PLILRS,2120.902914035052
QI3FKC28TT2NPHRE,246.5383138410033
48QOLSETOQE496IB,4034.2849445782117
J5MLMK72P46R9919,1220.5404149253086
4S6R588J2SF98LI3,2004.209263741034
4FAKIPS99HQHEC85,896.3619999790269
TJDG1ENQ4QTTJP4M,11084.872914840755
QGP9OA5SAMSM9HT1,96.86100110598703
RE83EC6A2S97LL1D,450.69844345665007
9K6GL91J22KJK6D8,193.9274891283207
H3S2LGBRP5N14KBN,4635.787686286486
HNTNB538C3KON1IN,164.69714951057952
B0FMEOO0BNL2EE2N,12142.458662374145
4HP8JFNSIBQBDK70,25.86775185271353
7NTJGJT768HGBA0E,30.10630468985424
AE5BRORC2B1K9PA4,4851.734518693153
I6ADQG7QMEA1MI2B,2600.7651112707017
JMBD8QC3ROLDMA9D,3528.2700442683577
8FGTD099789512FO,3902.786811204509
FQ43LH7817GO0EIG,464.0525593664889
1GEC2H1HI5IDJLDB,6846.654722658695
DE4S968ALTKBO177,14.661283700080741
TH2RHKNLF9LEQB4L,5807.5668093216045
QQAIHTC6CCP6T7N0,369.8644940031537
ILT3O030FSSN560F,126.81950538081699
6C8R7DI658F4F6T9,11328.90257245779
CMHBFDOC82JROOLI,458.84510001487337
8PA0CTFTQKI6A16R,3133.5330657298573
GP9KRADHDA7N92DS,4140.742741884751
14J3IS6RJO0JRCBA,2911.818655886359
0IK9CJ3LO147FPIO,288.57725976333137
DD3C369SE2HE69CS,706.3609249449031
OTKP369FGNP3OHKK,11083.701862689417
D4EMAB0I3DM6D1LR,105.44086298915019
PLBB0TA0TK39RBFQ,586.2972236441908
E1T05K4QFA0BNTP1,74.23122471647217
LBB0CERATOTKTL9M,4038.8778046886923
6KAEFP542CF3HRIN,61.375995895022555
95RCGPN5HOB6S227,3696.699251414293
7TLPBLBHBH9DH27D,7744.987749935155
1TA9HMP97F16H314,2111.3715182925644
LANE0LDLCF9E7PB6,183.1553056149241
16L94KIP08RHMA4Q,92.80119243560922
GT7DOR091S8A3ATC,36.43556180458892
4181SII3G9R55GP7,645.2399138913968
ON2DBD71J2RSSLKP,1311.774461060313
8EFIP676AS7MHLH2,968.771522223418
QC6BEFKI8GN4OOLB,6286.273174811132
KG1DK5G2E50DGDNL,277.06206368326866
1TQ90R4D2S73262B,532.143136356714
DPGG5EO25TOERSCP,3989.6287132504162
1CH55SSEJ128QC67,110.96273203241833
J727THT54LJBPR6K,9169.415342607117
1E594BRO3EDNCPN3,1929.0709386416124
81I8RJ7MMBOA5K52,3148.1051260249737
D08H88QCG6CG783J,5196.524637110321
K1O4RB61H48BO8H7,2355.9973170450244
HIOEQRD021NOTM60,1925.5474853125947
JT8CCIS3T6S34TN4,1031.7102582978448
S769BH70R9744COH,105.85341069602981
3PL1I3NPOGTSJSK2,4460.158606528672
BI1IFB02BDMRCKAN,88.38290124478004
9SJBRGAK9SMKMGS6,1107.4321993765639
DQTHIICBDKJKOA2R,614.1680028624011
8607AR9M903Q1T63,582.138297733838
MC7FMS5ALQ6N14CS,4874.458662231436
BJENBPMQNHMO1RB7,66.95357035869972
G788PP8MBEJTOJE8,485.5526461126348
K4J576H9FSRQ4RGD,3260.1216753339936
ICDECHA43B5RAOC7,4709.646602622037
9R7LQBOBSFB7EADI,3310.3935618025625
8OF9599ID0I624PN,19078.642610302253
0DPK8O100960D973,172.65509712654784
FLHMPKHNQIIG6MS2,12006.821770937651
3L4NG4LT8N2GPIHI,1004.7642975203534
RCFJDAMGDCK51K56,1624.0833022922538
03I1GDQTJ9EOKGG8,3084.0442020269693
NAFQA4BTEDITPDHJ,169.47833175492474
1F99OHIH3G3J0TJP,743.9940508402472
NRI2FG8O1Q8C8RFL,3764.8703497996844
PNJ83ROKN7298KE0,193.8486889240948
NH10IMSO9PAH6EJL,4401.564080858314
1ASKNGRCAKF0K2PB,3158.861053009243
20H45TBMJTJD48CT,2672.078160791205
046NI3IOH90L5SOA,12670.768934312615
CLBDNSN1HM1GAT96,1721.988124611749
569QJ8HQLP5I20SD,1552.3821041194751
JOK7KKI3BNA60MCC,804.1782622901696
P4BEFMPRP2FSKRLE,341.4134326980513
R1KO7GN4KM4LQLGE,5742.805323298019
26AFCP0MA598P3TQ,83.15540395121364
1KDPN9IPJJOO44DJ,2474.0774688502943
C3CSR6062HQ5GJOE,5894.810369366322
40P9S2BAP03DI0R5,8271.894314832361
5NHOSK3JJ4J70J5E,3908.8417144557925
BFNBMGJ4PO6S2N7B,17832.075673372183
321KJB1040E2KO6P,213.16277168998747
520LAL9IQMFFC5OD,3560.5331963080216
IE6OC6GJBMN6HNKF,694.7629929333053
6FPPBT8PBS1HMACR,2576.503703561731
QEMJH5JSN3462GQQ,51.62213787197681
4QI7977P7F30LQO9,1699.4584249972258
HM0NQR2185TNJD5J,947.0213511769947
11B6HCHMQL21KTCD,28.490654568641837
IRIDQEKNAH0RMNAH,37.577813111445
NKT64JF3DJ0B9BC3,53.275864493457945
QG0OONCSGDJDQI52,142.85397047234483
G04RMD08PC3JFJ1Q,1733.5683656212811
MQAB9KMCBKGIO2DH,681.7193373844985
4O45MHL3DCF7C8BI,4234.90807834442
PH2ORRA1T53A3JA5,224.99807767998684
6828M9CMP63EOO18,7766.054265685662
8KHBNFT6K5NIMGTO,7866.717912345715
7I3QCE5LMTMS0CR6,529.328910217176
KEB657GQ3J0ESOHE,348.8499785583091
R04CADKICJSDMRQG,379.2777224800127
J9B5DB45FDTCBL03,110.49619441102328
KF826PIP0R9PTQ18,326.7713048040026
48OODSJ43HE4B32D,610.2565843213655
F9K7LI874I5APSP7,3964.0663463854185
139FJPF0LEH2IAKT,3838.655044631747
22AMFC8H4O9DTGI3,1620.0054175193095
RPPQO842CO6R8567,1627.3404795185015
87BDBG7A0L5ECHN1,108.7231795359849
LDSIIE2I684L4HCI,10119.078301256068
8KFRDF90KT0GNE47,19.94374588096509
D52ARKLA7C4F4129,129.22331410238888
PCK5GBCTHR7PDKDO,848.5292399150547
RHN6SI1TD7HITPPS,3852.150313550857
IFTME3445E11E0S5,4408.047072905092
RA1D32R946PMCR82,361.2494185441261
KTFO66JSHD4743IB,655.2001691506174
FQ577HILHCFETC9H,4784.548027435839
92NTGSQ620I0G43M,6104.165288632252
NTOQ2I9ICL8HSINC,3725.236322803107
TA0S5DT743JNOR7O,275.06010122796937
O89NCJKCFD3SOOQ0,57.63830151138535
7PECID5377KRNFH7,345.36275042274906
8N7IGEEJNDJADO87,2755.24860053255
5SG3PET4LT2FMAML,14138.944124216217
R0OOTFIEPSECO06G,1208.0176238507404
LMFRB85GK31G0IJK,8767.447690980729
2JJHSS8P4OE30ICM,1635.9276315300679
EGBJJJEPO49RFIO2,3332.2692699599047
I1A5LDSHG5R435CC,86.47976691512247
3INOILG7L20K7CP4,3761.3370720680336
K8J0235SP5P4NOBD,130.83954938672892
QK8D0T5ACFT56DJ3,438.61806586232956
3F6BN19ROFDMCBL2,539.9601177206669
2B4KMCC52I2586B3,1927.6069794493824
06MS5958QP12C4BI,7516.125832630498
D31O9E4QKBK65GHC,206.2821065732489
HEP81K7MPBA5SF4M,1735.263212554489
8JNM212DHQ73N38E,3313.731660823444
APRAEQNNPIAK2G0B,3540.834087707216
QMQ3HKAM3ILCMSEL,2539.4275465120204
2RG0BPA2KPED7FBM,249.55040548793107
12RT5Q3HB9TRG88D,69.89848414415937
PQKPNBO9SIQSO8NJ,3379.703840786894
1H19T1DOPLNM4TKM,5488.754588239948
1QTGEE63JI8PKPJI,4524.976611451415
4EHGQRG6742T1BO2,217.4464295160172
AL2PH2JRHI9CQER0,2140.447218738822
IBLNRK3TELQKHFL4,343.579871379053
5J6T9C1FQLE2K7FH,2046.0669452866182
SLHAMSSOELIB28MM,19588.397397674467
3DRS0EF9SDI9TLT2,5.2052914157678
F90JKDRCM6A7EJKH,38.150393166118874
6ABNJPBGOO22BH8R,3658.5728392875935
EDRNI75LIGIJRF77,54.41077353566865
KDEF5G4ACBBM9TAK,1699.902672082669
O18D1T7DBLQH1MC1,242.51757039856042
MI1SCABOR8I70PRP,484.6102252152683
NF6I96PEQLMCATFA,3454.4106774409643
SG55EMCACMNH4NIB,332.0174833324028
4HCQI653MF5CGKOL,404.0722389439767
0524P5KA15AF11TS,4980.438835451112
NM9BK44CEHDJBAFH,248.03621686272106
AN3SMF3JGMMON491,4737.998260325057
NO0DT52980O3ITKS,329.9637838079484
3GSR025RP709CMNM,31.426932584623408
L2M4B7I5ESK4RD8N,4722.21403930482
GQ0CBJ5BJSSS6TSR,1281.886420815044
39TSS99MFM57DEAR,6294.520024887878
QGTP8M37DF6MDAT8,43.73789056493068
1F7N75I7JT8T72ON,7434.450118600401
MFK1585CC73E2A4P,597.6929053222608
37KPISEK6JL0A8EA,2598.5184846670227
GLJ11IDDOOORELF5,1923.0850232238395
F0C962EIP13Q0537,8464.656089383863
8D0E94D8M73S4JPJ,83.89117620174878
6O99F6N5BP8EQKQ0,1721.6623853583474
QGFSKPNM3M5ACOFK,3907.7162463619543
9QLSLTA1AOPRSD7K,3773.0824958448443
NM2BNK33PBAOPAF7,7169.649849698666
BA3KI113NBDTR4C9,1244.6144923754914
6T89LPH5CAIII9B6,2264.888612382087
FSS9TECR62O1G320,1.566760700930195
KOKJCH5MKCGF4E4R,10479.3885693742
9012R3AAEJ4A8MM2,211.25320734448474
25B3ALLFMH185CRH,1098.5544182742626
A6BDNSJRMJEFSHIJ,1984.5210664605822
FQ89GPHLJI6P8AST,1113.6645648173876
NN19BKEJPEOK4CON,421.9745608115122
0P9O0151KA4DOSSA,5655.695639792035
4OC4DS18CAICOA34,1371.520321540048
JO5Q7GDS14DDCQR9,720.9038742322819
GACEQDLHFONKFNEK,156.44128152978308
Q9ENBJEH5KMPE6OC,10251.704154990812
16CKEPGJ3SHF1LOL,1.0282807877205271
O58P42G2S418F4J4,8864.653753478311
APJT6MJGM6QNR1MP,6548.937547786545
J7B59G4A6IR93BOH,61.483960599331645
2O6TAREOCK78PB0T,215.51898684225364
MOJODQCOAO8RLHE0,189.8546437931637
LGG2IHHLSM7L4SD2,2186.539534951198
S4G8745LI9F2QCKQ,4620.71473474718
DBH0P8NIE0KNI5BA,6417.668421793878
S948Q11ON21N6FM3,119.22773951797832
QS3ANHS7934RAIE4,2037.6310841054253
1LPASFQ5NO6L08S4,53.68351485076322
RNT8ANM3GA3AFQJK,2744.0304131527673
0CSK31CDTJI0K5DS,139.39107139065464
K74QTHQN13J02HNA,2312.4343925068683
GA9LOI27T4ROE5PM,2314.469663770446
6TA6I8S5K6EEKQP8,2217.2626772887193
D4IQS5N2OOIPS7NP,4437.540767453578
LLIPC8002099HT2L,3263.921278770422
RH7I5KBSTPL41QLD,472.4773682280984
HNPIL8D6NJP6G68J,1634.315045602123
BC7N17701P2NHTGE,927.5394939400297
4LK3I55R5C08IP1R,613.8827797594503
EOLNTQA9F1HEM40O,4435.6169127498115
KNQ3NM19KDQMDHGO,664.6955928305288
CGG0NECC0POGJJ0H,361.20358144360824
BAMHP13MD6FO1O5R,1558.0344423380716
5C0QTAQP86NOEPG9,128.8044694662081
NR4PJLQETTHI78DG,182.86119826945156
C7P6NT9BG3HM44KM,722.2380844721943
JR9MM66LII41OTHS,132.67334148310528
1JHPMQL6C91N1B07,14957.529373038777
90TQ3KDJ9HS3A3R5,680.9564809546647
IK3EEN8JMR8AF0LT,929.8642725946199
6K4919KPMCFLJPH4,2237.6420646610936
G56TB3SQN96I45EA,8279.584242173885
HC7MKRJK5CAMISE4,1602.3390084112814
MF5CJKCFCGCT6POS,35.24149680709438
4FIFQFQOA71KRL21,2090.670744136675
P96CKBT9H664OG8T,378.5768214637312
DTSBAP5SCBCA038P,1535.7796891502492
O2TE315PO1QDRS05,208.86027173310922
A8OE2GOE60OS200B,205.9146662934472
NAFLLRCIRP3RJICH,7158.094378807013
SPSFLPG4LJIC81BP,2095.1549481827983
QGDIAPD49TTGN00D,33222.42846872873
RKLGNI0RFRC5640F,57.0582237417249
JP0O5J4EF3MGD8G0,815.5695211145462
NT567CB04N8AQ68I,480.7133027663741
7GDFA7L393RB7T42,960.1473954919346
8IGRD74IPA30B2AJ,2265.0441088606403
S1NRD1H2H1KL6P1R,2873.2331412447347
557J60M2DA1BF1H0,5219.51520297743
7KSFJMTNR83CTMD7,211.148866414019
8CBECQO50124PLGG,506.97289178225486
MSORS7AT4PPNRELM,1044.6929777749922
P9MRQ3AI2N9TM8CE,1853.0853583495023
GISKKTMJOR0S5ARB,13.577608601742163
0GG2J3IC6LSK2CTL,2726.433542995208
I5FR4FQ41P2FA207,2565.606106390214
2K93MBCMNP20TRJT,527.2915815009658
79TQIMD2G6M8C5IH,4596.199262892678
Q7Q64FK8P0QDTE12,11945.172566246898
F49HB922IC6D7I1D,910.5076869951215
SS8PK01IK1N0N1B9,116.10935079038512
FG409M801PSIH09Q,88.05970747355192
S40KKOMM01GP0H7N,788.008829050985
LQCOER3NKKP45P2S,108.45421902856319
7HIP38R4ERHKRQIN,445.02163857416207
CKD2GSATNCFLBCCP,259.69925830407436
FHP28HDFPRRI7GO8,11.300628050685239
IBIHDHJBK4233PCN,374.0363340823517
AISBBQH5C1FQ1C1P,159.75138437724706
LFD90L14MTLSS8TJ,321.23119618214633
R17QJH41HHG10KI1,7902.197270395104
QKQD78HQDJSTSDKH,2514.493716773566
SOG17A3S8Q63TJM2,176.4963564371899
A793QFAOO3T1FSHB,1826.0794817517406
IRH5F7EL76SCK842,115.79466367558743
3DM8HHJOGST486C9,185.67171508612486
FNAP62GJHP615JRL,1695.87485783771
B9ANAJN597M4TCR3,12637.943500703805
RAEPHR7EF7L344BR,1221.7089554596319
EHOR76MN9OL5N6RR,14997.442026683177
NTNT17T509B397KA,17277.23216312002
4FSDFOCGME717QNJ,2823.9184193830974
OT8REF17GICISBH2,2724.8901670649657
PTQBOIK7J18F4S8R,3896.5744797563134
OS5QAGFMMF4PP9RN,10539.374981618603
MA6MQR3P8A37QO80,1709.9194957716495
6B3DBABFP05G7IBG,2000.1851364197205
G69FTO3NT2TGCNC5,7948.46157093719
TL0QF4D49H6H7PQC,120.75620119151863
5GPEP7GDG906210F,5.924710380922416
TE6BPDF9C0M93DQ4,2278.54124314661
R0Q00D28R163C4NM,1973.8037954948586
GRHOTGCHTTQE7RR6,6094.660076789445
9HMM20L72GRA004G,1653.4273075866713
H215AL22ARA78EK8,230.5684620749453
FND34EDKS25ASPKS,1801.3101359978152
K8035OGEGKQ3OMT0,5067.346964391757
9D95NL89ATS7AQ5O,1186.6430084736544
ED73B06L03F2NADK,178.82401533197992
TN7H6KJH162M8D6N,611.1913281337977
61HH9065C2I15E72,1046.6533267073155
KM17LS5F4K7AQ9ES,9476.655758108944
JP4OTINFOBLRMBGE,828.2430656020333
PC02HHFALA0ALJRP,3877.6403522242
DHIAQ6H43L496RQN,361.4650252689512
LOMNT4EBHHOPFRNH,1403.620112531774
A07BIIGTQ243E5P0,375.2060283095393
4R47CPD87H8JA4ER,1357.354247062904
CIKHGO3BN2LOO1T2,696.4749706061775
TT2RDP9R05N6LNN7,128.4258828359244
Q6NJNCR63P33KKAJ,159.85226753991867
SQ2N288JIQ4G78J8,66.23928413812924
MKGC4IEO6ATCF51J,307.5383118340011
OGKO0HF2FHB5Q6MD,7.0956688481122905
70PCD531J1D4JR49,2438.6159980392063
CTCPG6NIO6RI8RGS,4736.130121008897
GBLLAOO0SR0KGAS0,6233.226759676116
P4AL4GQA4LRC8MNS,906.0105731107556
OAR8715QSM375I1C,641.9892642973135
CDR3KL1PEP90EAJK,3014.8126805772886
FCLA2L8094PM2GJD,21724.54905487536
0TRG4F5BND1A7537,71.46904657271466
L6EC3DSF17CDDKAT,2628.977530208885
CBQ7IN3RKNSKPCSC,3637.4235667098255
2ADMT0S0M77H4B8Q,112.69067272007862
PK14IKGROJ3MI54H,97.32311373383232
1TLCOQ9C21Q8LHCG,1197.4285746666142
2L4S18FKFTL3ORHD,1365.785205632507
ABIOLRL5L7FIBI3I,6397.1871109954545
DO32A57MORERL7LM,33.38596880275745
1MM1LDG43EDDB2SH,864.7046292882543
4N2HD4KA5NRGKATE,2715.553046916045
G29CJPEKIQ1PBJTR,1369.6756868772886
QT4OBLFNH5F3O91H,259.08714215048974
294R4SDO9L4D9B09,3829.977125793418
EST0G3L0FI2BK962,5780.869215714311
QHP043E8NRD495RC,1965.3488456371326
P8L3L3N2I98I59HB,571.8813962498448
KB5GR6FTMO6HAAG6,2379.135341511608
DHPF29CH6P6HGHO0,2127.4593112997472
PRMGKKSFLL6AAQ7O,5190.33718230107
BCMTR1MNEF4TD7IL,3418.6757824982583
C3HTE610SNT0MA0T,3985.6587195397124
IH752QGRHSA941ET,414.8558050033497
2BMLITFHBA2LSTSM,656.8538289492001
JNP3S3N1RBRF5S4G,10356.821590032132
OLPPQ1CIRIRP3O6B,6468.322275546595
LFB3DP9E7PAR9TL6,919.7021662663615
BG67FAE792SFE131,1014.576017657994
S1P14QCJIHOMF30Q,4386.194579102188
H3L09Q7IAIGAHOE5,17663.903006933906
N8HN7GJHIAHD4CGB,3023.370210149309
AERMHERAF7HOCDH4,2351.2930460253438
72CRTEOISQJIMACS,14306.680110694919
1IFP2ARFOQPNJ20R,88.15964291121531
TJB53I3G6KJQJ1JO,8676.59871299611
L7F5BL0TLKAJ5610,5329.039894031741
HMHR9SBKF4BTLLTT,161.97720894036945
DAM9CJKTH02M8HCC,7165.392408585305
E20EK21FNFR6PLIN,1616.447774103561
RCJP1Q51318INOC8,22186.28150341529
EDIQT4T85EQDNDEI,1610.6416204884918
TRIGNQ0KKH7H87EB,1738.5295100793446
L9PMSH0DHL60SQRK,6658.8037820224545
4R2R9D8IPT1JNO85,709.4304003821526
HL691PLCTL3TSN1N,1600.2454158009614
BE32QB394TDB1H6O,-0.6388676917021021
LOLEFGJ5F5T6FT1H,79.229010790472
MOG68IE9QQIQCPKR,6295.760837253249
95FQCR86583H4AEE,3217.2146472853724
QOIO1268OC52AEO4,8659.938678313714
KK658MHSF5N61SBM,311.01135046811027
K1KT59D214FF5D5F,447.60473700009254
PGEJF3P1G6MQBTJR,1515.7640918708307
L9E2T9L1H7C5F4FD,172.09755297788956
PM48LSG6GAAN5S36,2023.6529119545646
7AN54S3LSBAQQJA9,272.1493366437981
D2LQHF5N20E12CFT,36.92989005124601
7SLIKJFI7H61LQL8,118.23600843255421
IRQPMP0QJALG0C60,1621.5439082625123
INJL6EJHK7C5EI8P,5527.004605973225
FAP6PRFRT13KO752,2776.9473512235063
B21PL2T799RBGI8N,155.31249589147495
3BC0181HNKMGRJ55,2164.2000286154175
5J9PO6S754OJLFNK,26.166917225659923
J5HQTP4SC1E5816D,307.73886590641115
MM7CH4Q6LJ7BANMP,243.28832528548412
1B01M373TNKR9ENI,979.0640035245112
QAR3N2624JREABGM,15.434107826269766
JMJ6LRJ49NOPM0EM,5968.477794498878
M10A3AKF0HCR3QQ5,1851.0623899316715
DH8E7GDL59T6RP3P,529.9047877447384
57NS82F60FD2ABQR,4880.048219192497
89MDKTA9L70RJ0J0,6048.43700696031
L77K122N0CI5D2MP,5200.904735473582
2HSJIMPC3BAL12S9,2855.855958448145
Q988OJHDS3T57OKO,336.99019435014435
R5Q7HA2G0FOG60LS,593.7357981439156
B7LTC6T5HJ14T3JR,2333.5746620163195
ENMCROSPMGK3GES5,3161.4844801929416
8F9HTDLR3AKTJTKB,7699.742714278155
BOHC64ISG9EQDRH4,3496.6950196371545
EEQC2GT1SHTQS0GG,2278.572461216599
AO72KMHG9F9236AT,6109.475101055936
PRPJS7GA132OMTDG,10991.03285488088
DFHG76OK2B7FTRMB,11152.819759412572
HN87H4F19NDD2EQ5,1007.5508669034779
9A2QHB807IPHLDFA,700.6305300714812
G03036KSGCT44JPA,53.32845250169325
69LDQGN70RF4TT97,7180.549118827911
CLIGMFF5JOCCMTHK,4180.6527365798465
O6DTNLA9CK86KDED,12.817607363056418
L0TND3IHHJ152MI7,273.4179830181886
RPISSTBGR5OQ0727,63.83340193008509
Q18E7CT5EOIQ58LE,852.5306303574437
EH91RLKD6KHI0E6Q,7165.616047956824
HOMS2HRSMPNC9AOT,4565.056560928122
3G66BA81M0K9P5H8,956.6641462902309
TS6KKRN5D5E1RT1K,4319.229175884177
R6BA481K0F5FOB5S,749.9576311869769
3ATDOAIB388H82I8,4111.1142191942035
QA6I09LQ26JLJ7IS,253.03234782227705
5I4QD538ODHNDSAK,6544.275220498939
9QT6NGT3ELRBQSJI,264.2007820908398
2HC00T4H9EH47771,93.6404212115288
MEMQEMB6175T7JNS,7903.384661948062
HMJ4SF67LCEF1BBF,93.30438229408242
ANAFC0HL8HLBPFPO,490.69538389428254
CEKJDS170GGTH2GD,654.8853887072786
2AJT61LO2OEQ9OD7,8329.295828487158
QH0NDR4593S3MFK0,24.6811459053676
CK38JP697HBSQQ3N,7779.323634391329
OHIRHHQ4GTHJGENO,2220.551131181502
07DGD0F6AP42534C,280.0476413517227
30KSNEC0LMNCG1N8,2235.3147499643624
QL75S601J9DIT015,3454.324901768222
F7J2OI83ACKJ08PL,845.4141817778752
INLCSSEI6HIP5GE7,3994.4066666446606
H50R8RR802IABFJM,7.622242303599869
SR6CAO8PNMTACF3K,2109.1068900091313
1S3J53DDJKHJ9NMN,109.20547615776982
ES748ODM4THO8E1K,221.04773136324144
LMPCBIP0198SC6N9,321.0021253750798
53LNT2CPOAI44B00,581.2010536002119
TGRQ4MANGJJ20E7F,196.746160842389
P0C4LG6JNCDHDSJH,5112.489369527667
HT86K57HCDTO5T1H,366.6041120713513
41D8OPDRIQH8MKS8,457.68720989834935
02M7P2H1CE54QESH,833.5592355393163
2N418OGKRIO9P2A0,1094.6987173316186
2A7HO8FKB376IDFK,2033.752231717776
IAJBIFR506MNRMLM,4177.795327018228
S7TRQFJ9LRR9E57S,149.5787019710701
KICT6NTQ5MM6AIJF,1813.3045432381896
IOP7CLDP7QO1796N,1525.2479436685508
TPHQR9AH4J35SE1B,845.083407593457
E591LRBKSLLKDP3F,5068.899885651866
LBNDL6894CSDH4S8,2095.1651409790575
CG981MAG32ETHCLT,913.8486748722167
A769FQMMTTENC0F7,11399.065512322268
AFKDFSLFPHNGSCII,4989.215467262093
3H6IHFOE4I35A72F,2959.0971744993017
N7IO7PODL8G6KFBK,2208.3477257972245
49N7T36ANB8MKN83,1935.7994015509387
HJQSFDTA11HDFRSH,223.5252797846463
N1KB9OAT9R31PQ30,253.75351266372047
3B7CLGSJSOBN0B5C,3791.613403479029
J7HE15HAKNAADT6L,5511.507023525053
GIKHHAO2949HBE02,207.0663844705214
0JGM8CL8EQ9MBIEI,2847.3530896229886
14FBQTE3285OM7TR,3808.928893032431
O408Q9OA1S6Q3HP5,2316.46126158563
AGPHSTLQLOHS5E7N,4682.40343482583
L1NTGB907S2SQ06J,66.30030732909879
LSTC2MKMH8D0HDBP,7136.186835271835
SAI3Q837TIRC2C30,140.33770434114376
11OK3ME2JGH1DLAT,5559.74111444714
T16NQKLQN169R6T0,320.0944933415149
QK2J3C86OFF1C68C,984.7226632583515
NDG8AQGLFPE0FLH9,2123.9064339129436
54H7ANAJ3RFC4EGP,263.8269391248845
N7SK5F434NFHPTIS,387.8278168253137
PK0A4O4PMIHSBPSB,3385.8405650281557
IM05IRO8926EEF90,1766.8072215252669
G63BKM3EHTH3Q64D,385.7130009305726
GBGLQIFMD2SJMOR4,448.89935104659656
H566L30IF30MQQSI,90.29430514783587
93R9M3T827F37KF7,197.4211960688878
1CFITI03RKOE8S56,2290.0641731370815
5SJFH33T1EKL659E,6017.719910988219
IQQEOST8FPLSI47D,3532.691446695028
P2AOP9T0ML2OG880,98.55329301185398
78PF4AL2RLFO44F4,285.7436560889653
CAN27GCNB569L2Q4,328.70545190188255
S37813KT1R99S9RT,2245.262818020883
B7OHBJLBOKRH0PHT,1135.6093444715032
2HL5F7HQR177PSB7,346.99996947632513
F6KKTC9I70048E7M,83.86300875180578
5KH1TDQT7D7HNM9J,1431.692026372925
GGKBOOA484NB8T12,90.6249576716418
5717MRMJC7R418Q8,1462.7729290796938
RSE7K5O8DFCETI37,392.41133866596476
QJOCRNKP4JJ5P2AD,89.37988649390117
TLBF4FESRQS79NMS,8981.140756769208
F6KAOB09SK3PQSEL,5053.56738882548
EA62HSFETOSGH1SM,394.6873261161933
4COL7CLAOSJELG6F,499.02607121697446
IOAIAHHIGR6F0IBT,1228.0594885984747
JPQ06GARBKPSKOIN,15552.23053253107
5K8E2KDJJI16OKDC,104.13301881408054
0NM5RRSB12ODQDR2,103.06740973316627
J3QA1N72PA9HQ2QC,317.8623295897495
F85EE88FKTIDC7AK,675.0135433009181
FOTERB7C6RQ35NFM,2722.269456696599
CBNQMNCCA6LNBF5Q,4894.902965056781
52N5T34PK5RQ317L,1705.1748178230641
JE04BA73EAP1HBJF,105.20629582614553
8S3E258KMJ79RN75,520.6460547597092
AKICJLT207J79P3R,7076.849225973015
7L8C2T9328DG6C30,962.5817354025128
RESPHBE5601S9Q80,2091.3241961591707
H9HHO2QGO02R1QIE,40.960877891829554
A1TB53PQQI4S9F47,159.18188879961536
Q6SPB9R1PQB4FBEG,3842.724774370762
7T7M5EQ78TS9TGKM,332.8860519221243
D3R3KQ7MDI0K3582,8394.54080239596
PJD6M4RTR9EE85BI,124.58601420034556
9P86QSE3G1LR0QQ7,2852.4169211229982
5PODSD8JO2GQOBLG,10342.920259546909
D23KJ009BHNJR11J,301.5152777551923
9AMRCTEJSIK5AHKS,7377.675077061408
Q7RHJL9A0BEAT0S2,87.68024617330177
BLFCGONR41HN8J8H,3750.868972711374
ANLKDE8Q05RPBF5J,405.3742985186899
ESBQ5GL3HLHR0FEI,2527.225933430028
P56E8N3NGS2QTPMA,9861.82540304961
CSSHTQAC0AP6RQ32,3331.904671553748
28N1S7EHM1QT1P2H,2405.494197188212
6JN2HAECTGRO1I9S,1034.0638631181953
T1CH85RSBB57CN4G,306.54889239987955
RC4J5OA47KDN5CD9,585.1962163098631
B20Q1N49RL78PT9K,910.2606177447692
C2M1LJC3M64398AR,666.920541871109
F6OTAA66Q8NCKC68,2088.69866290644
Q9DQQTQBCO3H844R,2754.0717337697633
73M0MBJ0RCLJSMJ8,544.109307941622
C04J6LRDGM0NP2E1,7838.94304615419
CG4S04KEK140L92Q,2389.2918781204544
2P2NCFJ9OLP8FPGL,835.8252777610489
S1LEBREN9HFTRF6B,233.8117500750016
3HMGF3LLC9E56DKL,611.3555870443355
D6F270JROSO3JS77,194.55550003584585
N7GBEJNTID0N8HI2,4363.707743079976
BF64MJD7DPLLM3TH,567.7854413236033
G733PR23NFP1G3J2,3020.5272118628295
7IC6KPDQEF7BPQF1,7556.651657019481
MSHQOSNS3LHKNL5J,623.5979902961785
P2D5349FF0DOH2KA,2530.878782966193
DQO9A11QDQPFKK73,4834.59924273761
0OJIF4K90RJRJSBI,12625.703890895651
QPHKO78MKGIT535E,87.16300844318344
K602RK1SA76Q2D2O,6143.318471865587
L3408H83THB6D0M9,1730.8914624811773
NGJBDDGMQIQ8AHOS,1451.5445282557273
T5ABBPDKROTHMNLM,723.0565885302042
LLMBHDK2P94K8NJ3,564.6212603714686
EIK1JTA444N58A99,484.3372422325943
ILNMP9JGHQ38K9KT,123.51221475697514
I9OD67CR1G3H6LRF,43.318098634680936
RHOMNPLBHDORE0L5,2181.966728703571
9G3IE388NJDF6QHF,109.1426719010133
HODS36BSBBNLMDH3,1588.3847108339921
NTQL2F3TTRO9MLMB,7088.168234304361
35M2CM344HRHQ9L6,2852.2632470154012
4421746G92389PSQ,172.0090876539516
5EPB0KKHQO9ELCDP,205.47040616334857
3B446TLT1NBNCD1J,308.6008037157761
42IP603LPK4CT1TP,37.45215659768624
MKIB6KMNROLOK64T,3241.3957947929453
SAN4LTRO6400ABL3,48.82289899330205
PIANGC231IRRB6L3,1475.0145668924918
SOA4QCIEIES40KMI,4651.828206229659
044DLMPL2LLEA4P8,926.0423497371355
M174CSQN41AS4N08,3150.7361051939215
47DL99PFOHD6D66E,3168.942239975098
FHR16QI528LS6FG4,2623.2557343785925
GRDNRIPQC94HHNE7,6715.769348214248
6O7CGLMSOTH999LJ,1121.1902922640645
O82N0N592CA5EJTC,131.92490219025765
BQET062S8PG9R6A8,41.530779777127044
SK66N7R531O27F9F,108.79055221460287
AIDJ1BA4AP15IIJJ,603.1187264756293
ES07EKFR7PTH8DHS,1115.6779425587893
HF75185OL6DPH4R0,3494.844961898118
452K43NJ01ESNKG3,2381.1232899944866
N8DHM0SBG094QCMB,2342.0837581494156
1CDCK80TD4OT87TM,5445.3428199949885
334ORIGGRSDLFA6B,1625.184503131469
1GS6HE27Q5DTFMPI,323.6781514936302
GK7F03SHKIN7J00D,1838.550224727479
1GD3SGEPJLHQIP4I,2152.352283285306
IDIESJT9PO4J9BJS,973.0994175084164
SOG1R83JCFD68RQ7,3382.2156288199917
FKSEFEEGA43EC9SI,66.26862305751227
41O8KBPK4E0J0S2M,631.1498742533818
SD9T2CM3P1M1CAG9,3733.7457532449557
6ME0R2LO1MBG3GTP,3625.5346485483706
E86N92RCHKLPQP1L,196.14918565409369
NB0MSIJ5AFTDKCMP,190.21973186354097
6NM74N523P3IS4AJ,7306.67192157144
6EPELOK4PLM78T78,2832.056648096323
O5GQI8P6KRGRH817,2464.311376833097
3C7ONG65JITLHDBN,3881.2643469392997
P6G87D0C6OQF5C08,39.481309628252454
0JSMN1029EH3AQ75,1288.5586682407757
78NKCJNC2QML0BD0,4934.625156646603
FSQJQB8GO07L2HQ7,1535.4427101618535
357AN35FBEEOBS48,188.9034964681652
OG70EM4IG3FG4CFG,3601.3569467328743
42660N4JSREIIIES,4.249884760921046
ID3DA7GD915SI0AB,774.5989861401896
EH73I14S8KCHCMAD,2497.999846409747
B9LBFLAT3KNGKJ8S,3520.6919321060213
LOP9LMA7ACISMMK0,3924.7812028069175
6MRRPTCGLC7K35M1,6018.974692257847
JFSDQTQK6GTIHEPF,820.4238821424949
3M0ACQF5LO7A4JB7,337.5825077337175
G1BMAENH4P89EJLO,7303.3615763014595
I76PQQ8E8CBDE628,1265.6985430365808
8JSHDEO225E7EO1D,387.5157618682954
56EJQTJPE7TKTTRE,6790.139455544922
NBGR7QK42RIFOAN2,4954.796825407161
TN8NAH7GREP7IC4I,112.13381750013473
HBTSETSLF5KRD86M,3314.113292082122
DGOAIKOD4QKC6JGR,16.923672538513703
SRLTGPMID6EQN0IF,10395.414861418249
LBEP8E9T9C91T7J4,7943.649924217863
8RATT8LHQ0FLIPO8,15219.460549994772
PHLB353PONS1RHE1,3998.9953271692953
HBBGRO027QC9BBDC,2139.494954035312
8RT7DP5SERSAF3SI,4244.893428539608
IPK05SCIHT4MCNC1,974.1945747941147
K43920RCBP6ENI2Q,9698.760442911553
4DT9QE7QJT2FDKPN,4473.460010708295
KJFEOLG31HF31BOI,12810.705201680928
TS6P02CCMD13PQE4,778.2893217041674
DBMSITE1EMC2E6SD,17676.44100619084
S9HG10SF2PGGSBPC,2555.7923510783753
32GL8KC4P594HMAB,6247.73734598179
E00TMNRJ1SA6GMT9,4846.395766364753
9FOFT1FHB9TFBH69,408.2926751105316
7643JKCCTBMLHMJG,324.61468952522483
HM4393017H9HGO4S,54.536540632206
JLK0L4TEC9O6RIK1,120.07930749042193
AT45FRTMHIO8GH9M,128.8657357739021
24Q9PA91SJT8RG88,12577.034754142871
E24Q6405IG9P4BLA,557.9016715710691
3A5QT6KIKE4E30B8,2723.662122040971
L68EP0SSTHKTE0HR,56.99343351376396
JJL19G187DS7RD6S,2735.9557036038377
ANS86GB1SD69PHQR,14594.081060120901
54IPNK2B44ND6DR1,1857.5795214730583
K029CFK7BFRL64O5,820.5963414006563
4ESQQ1QPL8BEIB2M,4056.525709480637
NBSEGTT2G8TJ7A18,288.05656679013254
2JF5NDFB26L08S2J,8930.480115365352
78E3S9T42TTO0BAJ,743.8276853162845
JNCG2JMRJ91B5LB6,4998.320474093254
5IQ58JNHE63TSI1Q,4826.368334165287
N6C9LE541ALEQFP0,3509.607004256417
AKA3K6LK7EQ3PH32,4464.43173638654
OB719DD51N2E19S3,503.6325649365046
A93K8LL60OA39HEG,6116.252620148749
T7C0IK5QAJF9SG57,242.7785034968042
G0E5CJC2DF1GR9H1,1373.3311823043687
PJQR41Q3NDRD0409,6783.297546302307
GFD496FRH2BP83KO,1806.492755445861
6CQAD9N46AKICCQF,195.33803941050888
91PRL734KCEBI9DF,14.076768462055833
LJE8A6MM7E11SA6F,3803.841369789799
QFM4IG62BT51QQN5,120.90590324464318
2DKC4RBB90BELAKE,180.685729609266
GECKENKRAKFJAAEL,1984.550741494972
RL6JPNJ9G8PFH79C,304.31868346384545
DI1OT0M6KI1NGH60,2425.4527193279496
SDJ9M00TSOHSTOGB,193.93392179678315
SQBO5R8NQLPF12HQ,3461.769462190286
56QG64PAAPA3BGT2,1981.3454644603203
S0M6DHHD6181R1E2,3565.4872010093636
POHR2L1BGO70ML0M,351.8197902643369
K4IRBPSR4P00KIRD,15671.473842400083
1O8G82J5D4A6E1G0,3897.0868811546657
P0ODMEIKISFQDFFQ,3286.4092006609108
5J1DEM0KMGH2J49B,20583.55445778764
1RFHTI19CAN2QP4N,1992.8828375110788
04CSCO3E8N9BS5MN,4395.1596698234225
MRR87D8C0O483INB,6817.9096879751605
T3B2B5TSCFQA0T35,5127.478699670084
E9CFPEGRBG3KA5GP,3642.40927143055
1TGFD4M66MM42G30,6085.6463434130255
TKG3JOQ1K89RT9OL,402.5711653300131
TJ57HREATIL6BILF,107.4681329815422
21C79TO07LL2AFOR,395.44712424132996
4M44GOJ14H1369G9,5245.213860708944
R6R1FLB2ACHCGF83,2836.1372735996647
8DLLHHO0MDN0GM1T,117.80333116866873
KDGJ5PJK4C6R50T0,170.5805265976854
I4956IIC72TJBEE1,1449.536211686857
ITCRG46LSJQ86M94,3444.6850924378437
GO9T16K0P7D62NPC,31.62202664946177
GES56OQ5B3NQCQQO,30.22183648550619
THTJ9GPCT15MKG0S,117.61127855052669
NCTDS1G4CDFABLNS,3144.1540680319217
OGD809DG9NOPTHSN,2889.0815608972853
927GE9AAMOK63H2C,12.89796729397043
HDSE5K32I9LJ0OIO,2935.2298783188503
R233LOAF80GG4LPC,14512.273533285857
8S04AMSMI0BASLT1,3.8353220688483263
1FCQPELL1NM3G5KT,18240.00564802403
ADDSLL4F0Q3JS0KA,11764.336799903487
88H4PDGGRLSS10QL,4174.767929158262
72DJBPI174BF10AD,114.00246582734822
FB1JDSR1NE91SBCC,6487.1127448445295
5QK3CJAPLS7DP2GB,9810.223513680425
TLD7IIAR53D1CJDL,1934.4369599162717
4FFOCODCLS5NB6K9,727.8562487785297
QBGF79FNBH009O7L,2.9703557615908673
BT9I3H2HK217D5DH,231.55242382632184
0D2004PD45QCSLJM,1558.0536941321152
PONCAGJKD454Q4PK,196.07903872875923
GQCER2QKMAIBRMSL,338.1221034902133
L1421NM3QT87G9BS,1094.7808284516072
TNR8EH9KR3A3AK4G,2558.194057096849
K8J2DADFR3FD0MSL,2904.838715637229
44542FM86KL2QI5M,226.30649689665853
G2M8PB96KQ6RO49M,477.9826504308254
JMN0ERH11FLH0LKD,16.989882339656454
25FN7QM24L7E5RAG,1344.406597846593
5HKDMOFDNIOFNCIL,173.5220351434222
SALLCPFNK0CEBF7F,11802.252340965659
3FID6BGQS9A3EAR5,335.01466325713193
43MHFT57ATLN97HD,82.92414139248802
5BT3IQH7TEKN6LOC,198.73236382132433
SFMKF667ARHF924R,841.323482462822
4J67HDDOGSC5TJHG,8477.51386495855
K7BEJMO9Q0BF1NN7,7310.6791945317655
TS0B8J0LR2IT0ODE,4757.935772063707
91QBDLMBMQABIHTA,449.13558290529113
NN5M70JGAF83QJJ9,53.205629083000055
7CMF3BBGLER1RPAS,1745.4312532885847
PK9165SR5LTRPOGO,12818.969602319692
S8NC43D4QT9DCHPR,3487.212102867376
NPTEO6634MRNKSOG,190.9459933831348
CMA37GFQBMN3F5C8,229.60114330758722
16BKPBO0IL12O7MM,289.2901889613971
M31543N7IJH986JQ,2041.115866251018
S6TIJ436LAGCNNBO,1256.2041204766256
KKIDQMDIC24SC39I,747.4165034358716
M4EB66BM7KQ2JGNP,33.472615486005225
629MO73IG9EOEG0N,7175.574308756998
CA9ADSCH0RAB97LC,2202.1928160031944
L44PSHN03OE3L5HH,335.27336865897166
8OB798749TI7NQSI,5062.316991633382
0J9M88PG9NAP3TSE,104.16417762787492
CPJ5OFO0GNJG46NB,763.8628312124074
FINKGGMSM2A3PF7Q,867.8791156234358
K64T1OJ9BELRF192,2809.459703409402
56QF376J4LC5OBJR,461.4660862625277
E0N7IS8A4NASEE2G,765.0506376651883
4ACTKQRD6TGPQQPR,257.00076606750224
FP2261M9E0IT9FOS,3383.311677079014
ROGJAGRR52NKGCNO,3230.7037320882037
5Q0KH1JGO3MR0PSR,5079.453874674224
67KEQ80MQNHHAC1M,8876.659025214649
TE30FC5BNTG206FT,2866.131466012964
MT1M5MTPEE2HFDOT,3801.6330967199183
S19IHGECPG4G6N64,9845.675385371449
7ACBDKIJID9M8183,295.1612344795861
6865GA03TMI4TNMF,1122.2256950925
DK8P58Q2OTM61ADT,33.30512878721075
QAPHS5HLE8M41I26,3584.866912548013
HPAI746BANODB2JG,3102.6572481923477
AAABF0KOHQB6QEFP,862.6773143126825
3RRH1EREBMTFQE7M,201.7311464513182
C68AK9TMALFRK52F,4672.4765851745215
N14HP9Q0QA72EDFN,2360.4651230137038
2PNFT3HARC271P8L,479.95763906752853
GBH2C1KE2G083GPF,882.0708887265147
4KLQSCKK8LCCGH6K,151.16074075951772
M8E69D3N88RO0903,3311.557897919855
MN11RCHBQP6KTS1Q,10002.46306371016
98GHCGSG0FG55C1J,1097.496988681573
9F0LS0JEDCF2SEHL,4844.908123673359
KQGO53489JJ2MP0T,301.2784358255003
3S7GLEBKLOTKBP4C,1739.7640825833514
BG6KJACRCGBF6SI6,7637.014601604769
E0A8JSHNR6A6JGI1,3720.9731322647312
OGIPIEHJD8JOFGOL,3769.4586425760976
5PHC4QQQJD7382NM,3381.014231500775
IHODG4RHODGGII48,1447.5873089988745
OQQ2Q9O48K6P2RTR,10253.60761320252
EA2ISHTITS8A89CD,2035.9734774870572
JFL9J92604L0J377,4872.7384231573105
O3FME88K1O650EN0,209.22850584136913
FRSMI3951D74QKH5,42.49067534425514
49T1R4DB48QG37SI,844.1427874008498
MB0862SKTSFPB285,758.7899130963384
306OIQDL6EA6LQ52,3708.5483628878737
21P3F3SGHMIC28FB,27.69137168045612
HKDLG048IGCIMB71,12530.865184395221
F9AN6FEAHGL2R6GO,3502.239992310949
10E47FPHH4CPI86Q,365.63902283764514
O8OG8B794R4E1NBD,167.4190476086588
C6M6C0P6BDFQ0T85,363.43202883122535
GM9A40O247RQN7R4,594.641265751258
4HTH6I14KOH2P74H,4005.3634256628875
KM3OCJPSE287K3A2,7978.975558212911
6I0HISHJ0PP4LASK,298.3724176403023
EGBDD2MFON66JN56,450.89503428892624
6B6DHJB1MRKN4D4T,1032.9413862503009
IMAE3CTG2HI2O6OC,9652.634496723056
0AG1N2508CPAQI71,820.5042221217393
LL0M8IOM65GT20BL,504.5082088346526
GFASAM20D0F2K2K0,2560.5859897073506
9GA42BKG29ERAGP6,11.627549172926107
ER85NSIDGN6KGN5F,2400.8885737928294
LKPL2NFS1N584I9P,402.3480208051383
TGJIP4P86SC4OP7T,11141.137417909005
MEGI3F31MM89CQ5B,48.21019170893296
K6LG1OR00EFIIAGO,5803.476881059123
S2RFJ5AGC0TBSH8M,6603.34578505269
TRGE8C2OBO2P29JS,8963.385900319667
FP2HN4M52E28TK67,824.8224153941449
S08DSSDM3IJLN45T,85.6846979748059
TJKFIK32PI1N8A54,16.611852923693306
HF61GN1EL40Q2EAQ,2394.3956884776
86PLI913H79CGG9K,6.575169817130475
7AIKLGEE1Q69QIJM,1096.8066812310901
8SCLFE68S2OQ4AG5,5240.6484479944
T22JIP6KGH7SEAEL,1549.4081273777301
RFR5BFTG4I6357TC,104.65099341564509
B1N4Q1SGKNICB27G,157.36325450402668
D6RLR0SRLLTRGL2T,3801.855243467913
1OB168PO675ADQPE,213.45785268648632
JD6FE6GRMP3C7KEF,1191.0859641878274
C0PIM1LRLGRHSNH0,3452.9930165441438
SHIIAFA3638AJM9Q,4321.413211128922
DMC9J6DH27A3PQC4,2396.485930215712
N118TSLKBLA6PFGB,244.19850993521305
5AOENMI51RPOJF9O,4820.415387116184
AISCH5EHE6J8AMHR,4449.664554637397
56CG8RPPNI46ER93,1634.6990899038308
NFIOAQTN3QPGRIKT,2751.7509151884606
8SFGHSN6BIIHIIQA,1570.6007818759651
DAAJQ0J09A0Q26RL,2196.1709933682228
589IAITSP7GRP42Q,125.86183661587464
S8M65K5TKMPQ4JEM,6473.729146618259
E7379OS06JOS950C,1400.2889189863813
3EHPK6OQGB87CS50,3869.484591809538
5F7BNAGM5SQD01NS,6607.659513556522
IBISHPD0JI7E7N28,2692.001600326111
7O9E9L3D9J9KT3S3,1563.0950915136307
2E6263Q9FTORKTQ9,4560.940645366106
A505HBRKQD2HBSJT,9568.098617913714
CNFESISD0HFFJQDF,5169.654585360692
REBQ9JL6GHRTG9RQ,59.41729695820943
Q9MM45ALS0SB68HH,228.66175516746952
KKC3186C56C1PGIO,1064.2784505995667
4FM2GCCGB5ITBE36,4271.697982799092
36H3CKAK857LB6B8,2453.518152928246
4G2PR3H037MQ8OFC,49160.65791600279
8B4B58GGBMOP9EF4,1538.385735722807
HTRM36024J88R9FE,2625.021287481305
H56B570LHKDECPC9,393.5380831547528
HQ587RFBELDIN3QM,6503.544513605519
TLRN5SD8B64A2FAH,14.39411024772118
DELCJE0LBCENLJS9,2704.1611104155027
2GBORIICL929JGQA,161.3066320260101
JT2D70KSBS25QTNF,2790.0869788776627
TTCDPCGRNL0RT9CS,2450.382436055109
RJME2ONN2CGEOMAP,512.5204195411219
6SDISQQGEI91LIFA,1352.8606669864362
8BOPPMSIQP6TJKDK,73.1485785872382
MTT0IGA26QH72E4R,167.082858140903
CEEL73N6COOH5CO3,5875.519383193481
E4JB6OCPFQEQDCGD,3010.1702380415086
3B6L10862KR5D74B,8819.819474111237
KN5MLTGLJ746IMER,8745.662376825487
R37FLKF494FM785Q,714.9783745910231
41N4FHQC3AS0BJE4,298.79214036170356
SIDCMB5LJCC0AIMK,1840.8170655477168
8H5F2MSFGJ90A55G,2058.0596752471292
4KFJ1BGK0NCADTOG,6808.062318622147
IF58L4PMDE85BIBN,9945.091907191909
FRAEH21NIPJH4MKS,1513.111455103063
IOCD993LSRKOQG6H,4581.775101902211
0BGC5NHOJL7JO964,7448.552389043222
JRMI9I0KHCIL9NRI,630.1191464261935
BISGF8M524NH53NP,7549.66830060154
HNELNS2S66LD69H3,1724.3874358621388
2QL2BORN5H23GHFK,8526.33382917744
DBN0R67BKEEQ5E3M,615.060491411154
OOTGTH74C3T6SHG3,434.7455565685381
NM83HS5N3F4NBC1O,1210.78161800689
79RDFPS8LG9748GC,891.4471591633303
1FN4AHT6CO7K9RBC,328.4897472855364
FEMIMH3DI78OLHIO,8.538113039032124
NAFF0IT4KTMQD647,778.7309039067391
8TGNBD08QBAO67CM,1043.280699272773
HJ6LTQKD6MMHC8ME,2803.65778373467
245K9QL8CEJKGL63,1.313819824718609
4PEHKALTDK59SDH1,4283.89488522139
LT6LO2Q6OSIA3TA6,2979.6782124613364
8CQLPH9JN19OEAKO,715.0010680990063
DND9TNB7HHS7RSQL,2624.6887472515127
9P279B1R9GRMISCP,135.59666753732972
7H2FDPA0EMLNOEF3,2074.832063324202
39OS2FOC2ETQ975K,3931.3461307671123
H59J1E6NICGHT74F,5340.961227951724
L31QFQQKSGN89N18,822.80534883989
SPOKR45P0GJ24H2A,934.8806620174062
5PEQPH2ARCJJEA2P,9187.806549590681
1PDQDOSRGC9MHF3J,227.85103232304334
5LLNR5II99IMCFFH,4637.775385845286
CSPP43TQ8F85MTMH,3554.685252980118
H940NLGKLFDA968L,1976.1823805317304
05E96P4QBQCCH8CT,20.561718047608853
JN02N0SFR06TATQO,138.19226394029508
ODCNE3KF3A78Q2J2,322.0212691187054
K7ML33N9623FLOF5,3297.434091643663
H1ASTFL2JD9T1MH3,5898.777020662269
5BTM175OGMMA6SCL,3388.986228201969
FC980JM73IGNFN33,441.1915438514295
ED5OE2KLO909LLRQ,655.1185711208789
D468H7MSPELRB1HR,3248.2769473868866
60S8RP4JCHNT0I24,622.2072711779015
BTH743CODJC41K3F,5444.4006979979595
LAPSHGO35NS5DTSF,2518.1431606910082
82HM0GO1C3M80G1N,1597.9533277512426
2DA6FNKC24JEOH40,158.89001941862085
9TB8PTQF1CH7FCMB,4809.410391041982
4JKA2347BSF9SMCF,123.72588275066143
B323DLTC403S8RHO,414.37904644490004
BEMT9A16KBPJASK8,2700.1783829733904
9SR48OPPJFPN0ALT,2248.199763741583
MACPRLEK2ENEMEII,34.3404781428798
4KAB7A75HA5C87GE,498.87495250796167
9ELAA8PO437Q6HKG,7111.768599799836
F351B26MTTCEAAPR,4916.538923984797
7LOT67M6QKQJHKLE,2853.3512731160795
KMT9709911MH24HQ,176.03695520371
8HKGA745KSS3AD56,1821.25240785241
G9T4NMA6AQH219KN,395.99297868323725
E6M75EPRB0D1S54F,66.86908760902637
IRNL1959CHOC7LH8,42.36378518768879
S3P7RIHJRTRS0DSM,548.370481245138
PHP8BPOBLEASMKFP,10149.235167572197
CBT95ITPGR8KG60R,3166.4499590354308
KLFLB9JD2HJFMCKQ,37.240508338976795
TDAFCEF1Q81F457P,1670.4127162367927
6A19IGLEN1AE5T0S,12567.965468300545
S91QKQN5C7C21MJN,2.471987830099687
2J7B0S5IR85Q7Q6D,3156.0299328512738
9GG9QEE6SIBQFTCK,365.0984748278788
CDGE7TJHH90J0L6S,711.1884502139303
JK8K699QCQJRAP26,74.14154034985063
6SKKJ43NQTEDDL72,24.706721494383338
8GJCT3OBMRNH4M9L,679.2689310108498
PDHAD83QMPK76BRI,1751.1718412387252
SJMB6O7HTJ3QM7FM,999.236464629553
G2BQHQ0D3LN5OQN2,2518.4533036040866
D7BFRJNS3HR5GQG8,6361.0849901824595
KJ314KJN8TGOM7BN,64.04404583691559
099F982SMAC688B9,5332.581756318803
L4HLDR66E6610RH8,5541.118677756185
PTB5NOGRFR1SEO5N,4672.062798220157
LHNNHJ688M9DRNA2,288.60299276801396
6EPRK9N60J9JING7,7273.625087980253
JJ5STOP39LEIFH0K,10155.676731366888
DDMD00DDSIE20GGM,4188.585840731865
RJC8QNNC86G0IPD4,1797.0973813893982
7SD7S81PCH8TT8O8,641.5821567882577
CRIBH4ODAQ5F7TL5,1363.0655761256216
C4GAI1ONF5N0THR5,2516.159936294878
QT19NIF31GI6GH2O,7216.320457075848
K54FMKN855MR3J8Q,5455.048171913029
H4QQHDFPE7QP0B76,1104.4381970333698
BRFRG477P9S6MMQ2,5745.184224131677
0HRQG5NRLP0KDHNK,8973.19397159737
7SDJE48EFRPPNEJK,150.95106722076886
PRT8RDNG6E86518P,4452.645715424488
SRNIBIK27BQ2M3PB,6673.84736051052
6CP232J9R8N84702,1195.8412199104828
AROR24MH3M79EHBS,220.94988809627318
